delay,units,,,,,train mse,val mse
16,7,5,,,,0.0074017435587925,0.00716364185158414
2,4,4,2,9,9,0.00719586714737091,0.00721586217428054
20,5,,,,,0.0073893564752935,0.00735625661184771
18,7,9,9,,,0.00745606501471882,0.00772448057377434
6,10,3,,,,0.00743597055119132,0.00766968281964239
2,8,3,10,6,9,0.00720770113538463,0.00721007421403514
19,8,2,1,1,,0.00740935943555926,0.00762051525682951
11,3,,,,,0.00720472654081209,0.0067913975087057
4,4,2,10,1,,0.00742261161844821,0.00735612448669638
9,4,9,1,4,,0.00734137218808723,0.00760657155084761
11,3,7,5,9,9,0.00708011354794776,0.00703774765129054
17,7,2,,,,0.00751713285799798,0.00721085022032145
7,8,6,5,,,0.00737974555784234,0.00762913368553323
16,5,,,,,0.00748894079929369,0.00723628220661475
17,2,9,1,,,0.00734778469947151,0.00745370785903722
3,1,9,9,2,3,0.00751859598472118,0.00736958324582399
13,1,,,,,0.00730132272876813,0.0076705807228833
16,8,,,,,0.00733149811363879,0.00741187209901043
16,6,7,3,6,4,0.00734414285767182,0.00755866421808218
16,6,,,,,0.00742713040969389,0.00758950877261565
13,8,,,,,0.00746456352858165,0.0074802584821593
1,7,,,,,0.00470656030602899,0.00427565891277075
6,6,7,9,,,0.00743911774254004,0.00716701525221054
5,7,4,4,6,10,0.00733526977685681,0.00799775895326133
12,6,1,,,,0.0072996261189723,0.00765229389980257
6,6,,,,,0.00752847114257611,0.00704340557315321
20,4,,,,,0.00728488669308531,0.00754203558494924
19,9,4,4,,,0.00738693307756844,0.00752511118277435
13,7,2,4,1,,0.00740935861609053,0.00734306639182694
1,4,2,,,,0.00464252155146791,0.00455688426889034
16,3,6,10,10,,0.00742839245423734,0.00745205848001949
9,4,,,,,0.00733250020156986,0.00744123684566329
5,3,10,5,6,5,0.00748126584732771,0.00741236630876889
17,6,4,1,8,10,0.00740908511038704,0.00747244715997777
16,6,6,9,,,0.00735620182226787,0.00741630210681399
8,8,7,8,5,,0.00726708057676433,0.00774743429215746
7,10,4,9,,,0.00744417169306759,0.00761956633518392
1,5,3,10,8,,0.00468501014005532,0.00489593033718947
13,7,10,9,4,,0.00752645707330813,0.00726791783005618
18,6,7,8,10,,0.00742641787712147,0.00740562024881138
11,4,8,8,,,0.00714863139461956,0.00737830867371751
4,6,6,,,,0.0073472278212576,0.00796394788448869
14,2,7,,,,0.00738619637703177,0.00756112972016393
15,6,5,4,,,0.00756010006802322,0.00714988912346426
18,8,,,,,0.00751781913789879,0.00717713840241254
14,3,1,,,,0.00731822650116305,0.0080387566447517
16,3,9,6,6,3,0.00744576151265584,0.00747918361379017
6,10,6,10,10,,0.00742380309812145,0.0074672000001349
5,2,6,6,,,0.00750199867678418,0.00741129261551911
7,7,9,1,10,,0.00751972024852948,0.00741143839995801
3,10,9,2,8,10,0.00746716689673896,0.00766084175582814
19,7,1,5,,,0.00739573082190773,0.00743423867014716
7,3,,,,,0.00734052091455674,0.00722724338009684
7,3,,,,,0.00734889163793766,0.00759469283220188
11,9,10,6,8,,0.00715528033648605,0.00698399200758424
4,8,4,,,,0.00739752044442404,0.00752371109430378
12,10,4,6,10,6,0.0073275671713151,0.00773701025966399
2,7,,,,,0.00723815517994331,0.00706100441537745
18,4,,,,,0.0074082154708583,0.00733089900489452
1,5,10,1,,,0.00475757039391921,0.00445050825225754
13,10,10,2,2,8,0.00732288074854409,0.00747275553070508
1,7,9,1,,,0.0046272800539002,0.00463250620198654
16,3,6,,,,0.00753104384359204,0.00721123105568699
20,5,9,,,,0.0073517229033104,0.00779706387058417
6,9,,,,,0.00731436989998399,0.00788866570142803
7,1,,,,,0.00742687505337454,0.00769071742171562
20,10,2,,,,0.00748705818926652,0.00710421679028573
17,3,7,10,,,0.00750638541255519,0.00727985592962622
18,10,10,1,3,5,0.00730172220292137,0.00782120629648494
16,10,6,8,4,,0.00735338028913918,0.00756998849277213
11,3,,,,,0.00700883326058272,0.00750561961810663
9,5,10,8,,,0.00740017766420376,0.00744025950253148
17,3,2,,,,0.0073560202980862,0.00754603949044092
8,9,1,4,,,0.00751310221409396,0.00741482591014952
15,4,2,,,,0.00732273015940051,0.00754797278909947
19,6,1,,,,0.00742162484464846,0.00723384152794111
16,1,,,,,0.00742117193388654,0.00743024494895516
5,3,8,3,6,4,0.00747312839754096,0.00758208263537083
18,6,10,,,,0.00749354693059566,0.00732931270977494
9,9,6,8,1,,0.00744593832451455,0.00745281603156277
11,10,2,7,10,,0.00733636958041336,0.0069506653962319
12,1,,,,,0.00726533447221636,0.00777571184985675
3,4,2,,,,0.00747173600696129,0.00728022157802291
10,2,8,4,5,1,0.00446287530275183,0.00462123237210379
5,1,5,3,1,,0.00744805625581406,0.00745851717502314
3,5,4,7,10,,0.00735944730548415,0.00788975317911771
8,8,2,2,4,9,0.00734086951227936,0.00741047268817668
10,9,4,,,,0.00464692620342175,0.00465575646942889
6,10,10,,,,0.00729374595153902,0.00794766547304821
16,10,6,6,7,,0.00718138330282016,0.00823928356349395
12,8,,,,,0.00735438952854874,0.00763121662136069
1,1,10,,,,0.00470493220073969,0.0043551857799181
17,2,9,,,,0.00744276827855277,0.00736270320001737
11,2,6,8,3,6,0.00729570098377467,0.00687641370629755
18,9,,,,,0.00744338582723825,0.00717976706872548
20,10,10,7,9,1,0.00743841337508975,0.00728819736325824
15,8,1,3,4,,0.00744540338333175,0.00698895337696226
3,9,,,,,0.00739793047949272,0.00711407164216498
12,8,10,10,4,4,0.00744995159133786,0.00696487283903125
5,2,,,,,0.00744088474943127,0.0073394789105549
12,5,,,,,0.00739379189457512,0.00730377635416436
12,4,6,7,,,0.00740347024410705,0.00751500829814992
14,6,9,3,,,0.00741511685797176,0.0074142879411112
13,6,10,7,10,,0.00743182683720673,0.00733442383970366
17,8,5,1,,,0.00743775809427008,0.00685615508777591
19,6,9,9,9,,0.00722153893276318,0.00783905180257249
6,4,,,,,0.00756913355139007,0.00733833959148263
7,7,,,,,0.00739306013449268,0.00765522969445299
14,5,4,5,4,,0.00731582116219327,0.00765785865015941
13,6,4,8,4,,0.00739152899844458,0.0075425457028886
2,9,10,9,,,0.00728722765582283,0.00719860382936973
7,7,9,,,,0.00749378054566734,0.00732671063009953
8,7,,,,,0.00738323642386622,0.00743888279868723
8,7,6,6,9,,0.00737246472608444,0.00773317845119465
18,7,1,6,8,7,0.00728621364687844,0.0076524800635547
7,10,4,6,5,,0.00729630429936753,0.00774406170956274
2,2,,,,,0.00735434845313011,0.00711672956403694
15,3,5,,,,0.00760573252869521,0.00726744333480994
4,8,10,6,,,0.0075561663436325,0.00719589340421824
1,3,,,,,0.00466645784477264,0.00468434963869099
6,1,10,10,6,,0.00744907701928123,0.00751456826926663
17,7,1,10,6,9,0.00745862698511928,0.00723662278813239
18,8,,,,,0.00737572745528583,0.00768771002358273
19,4,4,1,3,,0.00741395199808379,0.00724875917259479
16,3,5,5,5,,0.00740343622055547,0.0071082677993091
18,7,4,10,1,10,0.00726531307989796,0.00792694618831945
18,4,8,6,,,0.00733494622085861,0.00753966932482224
17,9,,,,,0.00737833056250416,0.00732157885477508
15,1,10,6,1,,0.00746183949813414,0.00705862153257755
18,2,2,4,3,,0.00733130775480126,0.00765588034497456
5,2,4,,,,0.00738848530183173,0.00736305262336436
19,7,5,,,,0.00760958599812281,0.0069493222536111
6,3,5,5,4,,0.00749851563961694,0.00739661344173339
5,6,3,7,2,8,0.00747957702921705,0.00779025109708477
3,9,8,,,,0.00753575090313786,0.00767903668520952
6,7,7,,,,0.00732568761256782,0.00749792632015517
17,2,,,,,0.00741536271067448,0.00752034305790461
14,8,,,,,0.00741568041832305,0.00717692507919964
6,6,4,5,,,0.00744992279248436,0.00760399153695651
20,3,,,,,0.00740936836001987,0.00743992158265358
3,3,9,,,,0.007419120417764,0.00746862667976592
3,9,10,,,,0.00745132341613003,0.00752044753751913
12,8,10,,,,0.0073503967263886,0.00735585275671135
11,2,,,,,0.0071256202094071,0.00722872822778884
16,1,,,,,0.00738545973579742,0.00743985431925079
9,3,2,2,2,8,0.00743172469061534,0.00716495355721327
10,4,2,5,3,8,0.00456149595862946,0.00426739960508969
13,3,8,4,4,1,0.00747154619501456,0.00714552043587832
20,3,4,10,1,9,0.00741577688745188,0.00786027627451969
7,7,10,2,,,0.00730567320585938,0.00772831081816398
11,1,2,8,1,3,0.00708295982822698,0.00745803458920341
12,2,,,,,0.00735064935365267,0.00781146399235663
13,9,2,6,,,0.0073961957689092,0.0073987864082784
16,8,3,,,,0.00732644950280813,0.00774935125853497
3,5,7,5,6,8,0.00744946197491423,0.00724335780291467
8,3,3,5,2,10,0.00742040181340228,0.00744470799510811
10,10,8,2,,,0.00465881291429727,0.00463601734292428
12,1,9,3,2,2,0.007425229548085,0.00719540746010057
17,8,5,10,7,6,0.00738786276606651,0.00746363083164139
5,2,10,6,7,1,0.00739861434128235,0.00734199613213496
10,9,1,7,,,0.00471532990808769,0.00461741543242465
17,1,8,8,,,0.00749194436339098,0.00726221080960945
15,10,10,6,4,10,0.00730925510883263,0.00792722417953937
4,1,10,8,1,,0.00744860715710273,0.00731579323793471
8,1,1,10,10,5,0.00725209212454851,0.00760241010148169
14,8,,,,,0.0073816992286749,0.00792921891662097
13,9,7,9,1,,0.00732763410910857,0.00748934739130443
5,3,3,,,,0.00747856831192437,0.00734161278316297
17,8,5,1,,,0.00733573133960377,0.00771834996830818
20,6,10,8,,,0.00737608713657289,0.00756956162826055
13,7,6,7,,,0.00739877963480574,0.00731530466277221
11,4,1,4,10,7,0.00701995698490102,0.00749448111187352
18,4,6,6,8,8,0.00743074643378421,0.00732464621763985
16,9,1,6,2,,0.00729525770922827,0.00743656817206409
10,4,4,10,7,,0.00457223604663406,0.00479718002549956
17,4,,,,,0.00741069376746929,0.00751736280481504
9,7,4,4,,,0.00741495392492643,0.00737517085906887
15,1,3,6,9,3,0.00730114558567059,0.00811241525608264
18,5,,,,,0.0074108974118632,0.00762258492484143
13,7,1,6,8,7,0.00745248687359473,0.00734971296941073
11,2,5,10,,,0.00722561791888109,0.00721757881984088
19,4,10,2,,,0.00718118882893454,0.00811247403749712
12,8,10,7,2,1,0.00735306985360497,0.00737945892629864
2,5,10,10,,,0.00714127012753192,0.00755739758542209
14,6,3,2,4,,0.00737705340818255,0.00759078493696185
20,3,9,1,10,8,0.00741900856182356,0.00768267191414777
18,3,9,5,1,,0.00747439412365623,0.00717121549391575
4,6,10,,,,0.00752618318093327,0.00757518995983393
19,6,1,10,2,6,0.00736293000748684,0.00728315302742696
1,10,7,5,3,,0.00465520330507161,0.0048303573398063
19,1,5,,,,0.00730450073938393,0.00799174821380143
7,4,9,3,8,7,0.00735986667729873,0.00759219928697345
14,1,4,5,5,10,0.00730425274463133,0.00804735634931195
6,3,10,5,7,2,0.00751418745835143,0.0076643789849022
2,5,,,,,0.00719436646270147,0.00719920710338398
1,1,5,9,8,,0.00455201077027109,0.00487487001383482
3,7,,,,,0.00745598942366234,0.00689341200329334
20,7,4,2,7,6,0.00745279880553898,0.00723062409554049
16,5,5,9,2,,0.00739825964094715,0.00750426377662617
6,3,6,9,,,0.00739372654042854,0.00768529317412539
3,2,7,4,,,0.00743858932791667,0.00755507943399792
8,4,10,,,,0.00730175064451219,0.00763496696185026
18,10,10,4,4,,0.00742003001376597,0.00688506365083759
2,7,7,9,,,0.00715856743595825,0.00775482062418091
2,4,9,2,8,7,0.0072123091547691,0.00735626434178576
6,5,1,7,7,7,0.00743917145680958,0.00760349945562232
17,5,8,4,5,,0.00733414217477851,0.00755047672291822
16,10,,,,,0.00756721437141375,0.00705515218617093
11,2,,,,,0.00728194843497212,0.00684830793785464
12,9,,,,,0.007410757084647,0.00749244131143133
4,2,9,4,10,9,0.00757673101672832,0.00725212479331623
15,4,5,9,,,0.00747101662693384,0.0071571169824247
15,7,2,3,,,0.00735384791728195,0.00736965000483914
4,1,8,7,10,6,0.00739231651605064,0.00789431602900133
8,1,8,2,5,1,0.00740100351111988,0.00732767601806574
17,7,,,,,0.0073339214379146,0.00740150486935957
1,5,,,,,0.00467845429337709,0.00447058734237331
7,10,10,2,,,0.00746234997141303,0.00752477718455319
18,2,6,9,5,,0.00744182676655525,0.00703905615374101
12,5,1,8,4,4,0.00730093387269745,0.00769897196171025
20,8,9,9,7,,0.00730106962911003,0.00783850853650047
11,9,3,,,,0.0071672460576818,0.00735177624249923
18,1,10,5,5,,0.00745054001474013,0.00739052877239311
9,2,,,,,0.00734908393828459,0.00752575223937247
2,2,,,,,0.00727392105099823,0.00709447892354556
15,2,2,2,9,1,0.00749060159585303,0.00724465134196176
6,6,6,1,1,,0.00748735953549247,0.0073130652678853
17,8,9,,,,0.0073821129716891,0.0072449715114477
13,4,,,,,0.00743078654312766,0.00761544127477199
20,6,1,5,8,7,0.0073267815532645,0.00740517437975235
12,2,1,5,9,2,0.00734385954026568,0.00731911827642326
2,6,9,9,6,,0.00731041095702474,0.00731155341308806
6,4,9,6,9,,0.00733383050907152,0.00758818844109606
16,10,9,,,,0.00741344385266984,0.00721666880042478
12,8,6,,,,0.00754111046013648,0.00719009120072935
2,10,7,4,1,,0.00722622585075108,0.00708074203156106
6,8,,,,,0.00753992982306459,0.00703242410455461
10,10,8,,,,0.00453125982396682,0.0045695830579721
9,4,1,7,,,0.00749742285308047,0.00701163960806881
3,5,7,9,10,3,0.00744064390498569,0.00729589956191885
14,5,,,,,0.00737247402253501,0.00751833707413538
10,4,7,2,3,10,0.00453713428757981,0.00454550645507857
19,8,1,5,5,9,0.00732849511265449,0.00746128587529393
15,7,10,5,,,0.00736148586865936,0.00765350681445692
12,5,,,,,0.00735668419885651,0.00719218137661599
1,1,,,,,0.004623652546116,0.00447204876530777
2,7,2,5,4,,0.00728284143843087,0.0071018404174597
9,9,7,,,,0.00741723403442283,0.00726696495120245
20,3,5,,,,0.00743417123269924,0.00708792243078495
12,6,1,2,7,3,0.00726107419531366,0.00751070451590179
7,10,10,4,,,0.00734669392555912,0.00738791400938302
10,1,7,,,,0.00448553150575956,0.00441753299993707
18,10,4,,,,0.00738298188056281,0.00731187222973619
19,4,4,10,,,0.00739187484916308,0.00742224847977094
13,10,1,6,,,0.00739260269749308,0.00774347929158978
7,7,4,5,9,9,0.00749026940404483,0.007718410745203
2,8,,,,,0.00721605269328472,0.00696928172109517
12,10,5,6,10,2,0.0072417578643666,0.00788547758940866
10,5,6,,,,0.00458988008551771,0.00448047025742404
2,9,9,5,8,,0.00719089791409045,0.00740839220007675
4,2,,,,,0.00743487267663608,0.00766765823643516
1,7,2,4,6,,0.00487530246128857,0.00475282658363119
10,4,,,,,0.00461345868386868,0.00410317920263264
13,1,10,9,,,0.00739463026533211,0.00749172599447769
5,6,2,2,,,0.00752207875605683,0.00749588483566468
9,1,,,,,0.00744038705768424,0.00730160867456944
17,7,6,,,,0.00757676842035378,0.006900771131066
20,9,2,6,,,0.00735778391524789,0.00742004632616626
16,5,9,,,,0.0073694032229987,0.0073828072396057
2,5,7,1,10,8,0.00743964904763376,0.00731104839261124
18,8,2,,,,0.00739995756261442,0.0076617619028049
11,3,3,3,,,0.00711455889175184,0.00776101709036328
10,8,,,,,0.00448671558594495,0.00452850151366636
10,8,7,2,9,8,0.00446388735806321,0.00464419401566994
11,9,8,4,7,2,0.0071374858743455,0.00757255194930352
17,2,2,4,,,0.00747827602639319,0.00729398828138025
7,5,,,,,0.00734505329503943,0.00747979725787171
14,4,4,,,,0.00742537353504645,0.00727095692813376
2,10,2,10,3,,0.00720686646776235,0.00723340580619525
2,4,3,9,,,0.00727130567354776,0.00670192911844662
11,3,7,,,,0.00725017038396212,0.00667943655275124
19,4,4,6,10,,0.00742874813843557,0.00785759539847579
18,7,,,,,0.00727197750447846,0.00729026383916124
2,1,,,,,0.0071906822069997,0.00762052748046316
11,8,4,6,,,0.00704071393058089,0.00719237423841649
17,8,3,3,,,0.00741515606550987,0.00717522828627391
18,5,2,,,,0.00731892840688609,0.00747433612829406
13,7,1,1,2,9,0.0073668914576263,0.0070440503700512
18,6,9,1,,,0.00729628450539474,0.00778140135243802
13,10,10,9,,,0.00750313278652523,0.00720946249886247
12,7,4,8,,,0.00745861382060945,0.00704307473477672
13,6,,,,,0.00738908093135507,0.00751884776929833
15,2,3,6,,,0.00741424896687636,0.00745685012834782
10,3,6,9,7,,0.00448234070558625,0.00446182958422621
18,5,,,,,0.00736365450783341,0.0076865315470856
6,6,,,,,0.00745295055956991,0.00754153635595062
2,7,3,9,1,6,0.00720161477841993,0.00730400218596673
2,4,6,2,7,1,0.00717333198487407,0.00793205670731044
6,4,3,,,,0.00732160841777234,0.00794238949314951
2,6,9,,,,0.00722418493650767,0.00682326301833785
4,10,,,,,0.00743497151367702,0.00759361832667117
4,1,6,,,,0.0074785723576822,0.00742457730823808
1,5,1,7,,,0.00513146821446309,0.004960033013067
20,5,3,5,3,,0.00726107413551082,0.00769639240760519
14,2,7,8,1,,0.00741514463254736,0.00785292745356351
10,9,7,9,,,0.00448246611737104,0.00442256877352969
10,7,7,,,,0.00447710036983564,0.00469000106588171
11,7,9,2,1,8,0.00726251874246901,0.00698261955047222
11,6,,,,,0.00722372117887999,0.00680256680563959
20,4,6,,,,0.00730307582554042,0.00743737675811734
3,2,3,9,8,7,0.00741036723307509,0.0074667184319082
12,6,8,10,,,0.00743294660333457,0.00747649240445493
2,2,6,3,,,0.0073350095782358,0.00709536766510489
5,4,1,,,,0.00736537621869505,0.00759907970700483
11,2,,,,,0.00719257701012942,0.00714123265350477
6,5,,,,,0.00747936725588145,0.00743096248603263
12,8,4,8,2,,0.00744072899094453,0.00718769053964298
5,8,7,4,9,,0.00765500620200617,0.00746090722084842
16,2,1,2,,,0.00733172738970371,0.00751830994719247
7,7,4,,,,0.00744823008105999,0.00713207165209477
19,4,2,,,,0.00738667172510479,0.00735785282187373
6,8,4,4,10,,0.00740779121655322,0.00755971641899783
17,6,3,3,1,1,0.00748254447016974,0.00732006185834908
1,9,9,3,1,4,0.00465935174629825,0.00468127411541825
15,1,7,9,1,3,0.00743877555238132,0.00745859088667184
16,10,8,,,,0.00742958149211931,0.00789012220292255
2,5,7,3,,,0.00723009826475523,0.00741495917563198
19,10,1,,,,0.00745677701841761,0.0071932639735074
14,7,,,,,0.00730463023427402,0.00743920445400135
6,3,10,6,6,,0.00749501683049411,0.00701270266159116
20,2,2,1,,,0.00736454192314948,0.00730125831567156
19,7,9,10,2,9,0.00748974678344274,0.00726156903554923
17,2,1,,,,0.00742344227261519,0.00723972867810545
6,9,,,,,0.00739499309584881,0.00783836251230386
8,7,6,10,2,1,0.00753643740986859,0.00707732181343531
20,6,3,7,1,,0.00740506266345373,0.00790621087481738
16,5,,,,,0.00749517235605007,0.0078238944162975
9,6,6,7,1,2,0.0074005003276893,0.00766582255330087
16,7,9,,,,0.00747943868561341,0.00706553904279937
2,9,3,1,,,0.00718549729836748,0.00771054551775349
7,2,7,7,9,,0.00740129694750994,0.00739936316704298
3,3,10,8,7,9,0.00745119270603583,0.00792523736652288
5,9,,,,,0.00741327242469096,0.00747885641965776
17,3,,,,,0.00742685554541231,0.00732167747659187
20,10,4,,,,0.00751450770379293,0.00713507415808769
6,9,1,2,10,8,0.0074096251404352,0.0071734984451994
6,10,9,10,7,8,0.00741851009190318,0.00772134284560796
19,4,5,3,2,,0.00749130820930174,0.00708916368139875
17,7,4,1,7,9,0.00747846636035939,0.00740120960281186
2,9,3,3,3,1,0.00728996281937024,0.00693478452699744
1,1,1,9,,,0.00467461004135843,0.00451600513564894
20,1,8,7,,,0.00741293551373563,0.00731088592769011
19,9,10,7,,,0.00746291768906036,0.00720656243780995
16,4,10,2,7,5,0.00751332712971969,0.00719241448967572
1,10,3,10,6,,0.00464667230142044,0.00502210815989135
19,2,6,7,2,9,0.0074392272489435,0.00743016263839943
13,10,,,,,0.00744561885245244,0.00744987907894515
7,6,,,,,0.00747574660424608,0.0073880726811739
10,10,6,10,2,,0.0045647465800963,0.00413596480712766
6,4,7,5,6,,0.0074265918109507,0.00727449949486057
7,7,1,5,3,,0.00744653861465788,0.00752954068752764
18,1,8,3,6,,0.00751004966850299,0.00686796187172376
19,9,10,1,,,0.00749020383558183,0.00718045295639979
1,7,2,5,,,0.004659134966825,0.00497846851915988
17,7,5,9,,,0.00742593882977388,0.00773107474793194
1,8,4,6,7,1,0.00475428592133869,0.00445677106193452
15,6,9,,,,0.00752939334544018,0.00709500233713467
11,4,,,,,0.00714967340900233,0.00717375782778852
8,10,3,,,,0.00746957248727987,0.00729475859297904
1,3,10,,,,0.00478733875853205,0.0045712967315516
9,1,8,,,,0.00741936830174723,0.00738035365292675
1,1,10,8,,,0.00458273664959815,0.00464056631745093
3,2,,,,,0.00746593804569994,0.0076043964345929
18,4,9,10,8,2,0.00750615224721087,0.00721126084115852
2,4,,,,,0.00702518992071806,0.00782845399479085
18,1,10,2,9,,0.00739866485086327,0.00719582852058602
5,10,,,,,0.00740310345022107,0.00730516161454393
11,8,1,8,6,7,0.00723554573993534,0.00719333952238968
13,10,3,,,,0.00741825233766674,0.00752056211071587
16,3,7,6,,,0.00746837999970712,0.00734807476760527
17,2,8,,,,0.00753726213674425,0.00700442150891275
15,7,,,,,0.00733606393900034,0.00751145355570004
20,4,,,,,0.0073743548442811,0.00699071400513682
12,3,4,1,10,,0.00753297326893684,0.00712033301520684
18,10,,,,,0.00742337616540763,0.00712013375100154
12,6,,,,,0.00732469662134104,0.00735657443244338
15,4,10,4,,,0.00744360828109,0.00756558138509258
18,4,7,,,,0.00757792743600558,0.00721506204322277
17,10,3,2,,,0.00740715895271755,0.00726719619574233
13,3,6,,,,0.00746761635730012,0.00735458276834787
17,10,6,1,7,6,0.0073107294379792,0.00779392796369273
7,1,6,7,6,8,0.00743620122560654,0.00764376222340665
16,4,10,9,6,1,0.00734201856427521,0.00738862047566828
12,3,3,6,5,4,0.00741270385663384,0.00728120658491388
3,3,9,2,,,0.00736996257626682,0.00735060857068667
18,10,6,6,,,0.0074691636791997,0.0074978819150199
19,4,7,,,,0.00743110583349641,0.00723522210341046
9,8,10,3,4,,0.00732386589996224,0.0077084312421899
8,7,2,6,,,0.00742567077894089,0.00745120937654895
13,7,5,5,4,8,0.00737900662552674,0.00739353853372103
2,4,6,5,,,0.0072707254580644,0.00667767004077912
3,3,5,,,,0.00744504978203517,0.00758263339621977
10,8,10,,,,0.00448895426216293,0.00445925387614639
13,7,2,4,10,4,0.0075115720311531,0.00679771380608545
10,9,4,5,9,,0.00458208826159376,0.00448725485825851
18,2,3,,,,0.00728783946733179,0.0077852143224044
14,10,10,8,2,7,0.0074531588543029,0.00727752744225002
8,1,7,,,,0.00724339490024806,0.00790682278611266
11,10,6,3,6,5,0.00698942704763713,0.00734441774210167
20,1,9,2,2,,0.00753369661783864,0.0076552188816719
16,8,8,3,3,,0.00721915623934702,0.00824938438353044
18,6,1,,,,0.00745761750297119,0.00737852888604855
11,7,6,8,,,0.00714154470974098,0.00747650067672558
1,2,3,2,9,2,0.00454971556978711,0.00484176346407818
9,7,9,10,8,,0.00739611523033146,0.00766497385290364
14,7,9,10,,,0.00744258649053178,0.00728784428572413
6,1,,,,,0.00740959486060822,0.00757379604192082
14,7,1,1,10,,0.00737994095420958,0.00771473150177597
7,9,,,,,0.00745987076571303,0.00734842447775773
5,6,9,3,5,2,0.00742250568750304,0.00749905402828797
18,9,4,1,,,0.00741843589144223,0.00757782619206612
18,2,6,,,,0.00744509653378383,0.00743002137578815
14,1,,,,,0.00738454671034091,0.00747039109692741
16,2,,,,,0.00740746470266207,0.00741765231398083
4,1,7,7,,,0.00744365042926037,0.00751735040158015
15,8,10,8,,,0.00736163547315054,0.00784360774695284
17,10,4,7,8,3,0.00740798559972388,0.00721156773078748
11,4,10,4,,,0.0072132025209769,0.00695489500698074
15,10,3,,,,0.00744720593986678,0.00738035040246442
8,9,8,7,1,,0.00744545421149312,0.0075753339464363
2,3,1,,,,0.00715473683733953,0.0072378208340934
1,1,5,9,,,0.00466003689344776,0.00458134775934237
17,8,,,,,0.00756786844420748,0.00749524649724735
12,9,9,1,8,,0.00738531829687715,0.00743000007737202
19,3,9,8,4,7,0.00742389195224828,0.00747463244128566
7,1,,,,,0.00734922589765235,0.00730323856569836
5,7,10,2,9,,0.00735888151053017,0.00775894510836997
16,7,2,,,,0.00728606076465234,0.00782457947132821
20,8,1,7,5,,0.00747294347396155,0.00699735762527521
4,10,,,,,0.00736658875633203,0.00762124393120527
9,5,3,10,8,7,0.00735465209137919,0.00768576488135759
18,10,9,4,9,,0.00752748932249947,0.00715139077845387
3,1,7,6,4,,0.0073643825596355,0.00745944062822716
6,1,2,2,7,9,0.00734027752282312,0.00757211686449799
16,1,9,4,,,0.00730664528559678,0.00773252158167366
19,6,3,3,5,8,0.00734510873724529,0.00743851552754761
1,9,,,,,0.00468954347416049,0.00461298900162015
8,9,2,4,6,,0.00742387278528743,0.00735219582217725
9,3,7,8,7,10,0.00750996588103651,0.00720208360824556
19,9,4,,,,0.00739958255918202,0.00751366492008926
7,6,6,2,,,0.00737481576155529,0.00820084932379202
15,1,9,5,9,1,0.00738705821973903,0.00770743034875637
12,8,5,,,,0.0073197748917603,0.00747516682976263
16,4,4,4,9,9,0.00738624935045561,0.00744078554979264
3,5,5,9,1,,0.00747509368915291,0.00758400331788754
13,10,,,,,0.00736582195849787,0.00790083052776226
13,5,,,,,0.00729231356634733,0.00749801743778344
15,4,8,10,8,9,0.0073765154361521,0.0073967491765072
19,3,10,6,,,0.00739008648585831,0.00721037899317022
3,1,9,9,,,0.00742058261223543,0.0073229196943235
15,6,5,8,8,3,0.00740607823201078,0.00706495969438406
12,1,10,,,,0.00750430788242953,0.00751100555375105
18,3,5,,,,0.00739899988267148,0.00744457642038456
9,3,7,4,10,,0.00746641189028108,0.00734917904320798
10,6,8,3,,,0.00460506768695315,0.00443039936968914
20,7,,,,,0.00736229789018918,0.00777320246733448
15,3,10,8,5,,0.0073298144564489,0.00797030199930441
2,5,9,8,1,3,0.00726152786352291,0.00722329180466743
8,9,2,6,,,0.00743402034811802,0.00746740247882366
3,9,9,,,,0.00741186180152483,0.00757354036242696
12,5,8,2,9,,0.00744169757520793,0.00735083757062225
15,4,3,5,7,,0.00747618550811551,0.00701130974296199
20,3,2,8,,,0.0073999633828434,0.00776601328047687
6,3,4,7,9,3,0.00739715631561613,0.00761234260529765
12,7,,,,,0.00736007173039676,0.00757053320466414
13,3,,,,,0.00753579519166525,0.00692635648716775
5,8,9,,,,0.0075666516281147,0.00724597467045854
20,3,9,2,7,,0.00743656735551494,0.00745793448597771
17,6,5,9,5,,0.00747118694220595,0.00717881735833422
13,6,2,5,9,6,0.00741677818020252,0.00740607439109555
2,6,6,9,9,8,0.00733115062508433,0.00699978498474217
19,3,3,8,1,4,0.00738073398027825,0.00746063701976485
12,9,3,,,,0.00734939360869015,0.0074857609839494
1,10,10,,,,0.00468680043939362,0.00447540945125665
11,10,2,,,,0.00724058417954372,0.00696440553392988
2,6,3,1,4,,0.00724871909571208,0.00736630798820259
9,10,10,,,,0.00748897403589669,0.00719124251496008
6,1,,,,,0.00739568632915649,0.00770087228710155
7,9,1,10,4,1,0.00743685689790988,0.00731709635721193
20,7,10,4,1,,0.0073297310749458,0.00762379966216013
17,4,,,,,0.00735204678824737,0.0077616635778372
3,6,9,,,,0.00746739279590167,0.00740257664629902
13,4,3,,,,0.00743528000720748,0.00770734648314737
6,8,10,1,7,3,0.00735783712060694,0.00751119965257826
19,2,3,2,2,,0.00733750967642053,0.00750803573363308
15,7,,,,,0.00751609190876337,0.00727322940902531
6,3,1,7,2,,0.00743600421377603,0.00736734809686541
16,7,9,8,1,,0.00736421529803425,0.00726028409207501
10,7,8,3,10,,0.00447950928487956,0.00447398216211011
6,3,,,,,0.00744837533486967,0.00732948198370288
19,4,7,10,5,,0.0074200461089367,0.00711739056532005
1,9,3,6,,,0.00462874540875922,0.00490146113277477
16,5,6,5,1,,0.00733259482580211,0.00745624075136087
11,5,1,8,2,1,0.00732498855605499,0.00676887713185245
15,7,7,6,,,0.00753220104201511,0.00742530508181811
4,6,,,,,0.00745262571037234,0.00753254096925436
17,7,2,,,,0.00751700336572733,0.00738146210443315
14,4,4,,,,0.00731117676583943,0.0082136251372719
3,10,2,,,,0.00739964754859762,0.00774472245042835
18,4,8,2,9,9,0.00742022520902238,0.00728799292423764
16,10,8,10,9,2,0.00753373419679622,0.00709950525777458
14,6,,,,,0.00742825087456744,0.00746740740068321
14,9,7,8,,,0.00742446317931517,0.00739221614949302
20,7,4,1,2,7,0.00735095550151441,0.00740819139370717
20,3,6,,,,0.00729716031673137,0.00758501265733848
8,6,6,2,10,5,0.00742538999931692,0.00781948365725214
15,8,9,6,9,8,0.00743228805018671,0.00754693585005572
19,1,9,,,,0.00738577373910572,0.00759529966409768
3,9,2,10,1,,0.00740977334857213,0.00754094477941902
4,3,1,10,3,8,0.00752991667487617,0.00723316472708205
18,2,,,,,0.0073742295651958,0.00762059863367035
5,6,10,,,,0.00752970052711205,0.00768614992001721
13,8,,,,,0.00741085885245465,0.0075223437266054
9,2,,,,,0.00743432797739418,0.00738221884129667
1,10,1,10,7,1,0.00483572233388367,0.00500665605137016
7,3,1,9,3,,0.00736313104497916,0.00763401834474828
10,10,,,,,0.00442635896893808,0.00470374860331948
8,10,,,,,0.00741513575916002,0.00772329716236294
1,8,6,3,8,,0.00463784530924491,0.00479244912396103
6,3,6,4,1,,0.00739909584546987,0.00724195092886984
11,9,9,3,,,0.00725049832053566,0.00688916947415469
11,2,6,2,,,0.00725991949523523,0.00697344141527806
9,8,9,2,,,0.00748865993089673,0.00743251867403003
5,10,,,,,0.00738999521537833,0.00752039596623714
9,2,10,4,6,,0.00740248248580957,0.00776040541422864
11,3,8,,,,0.00715388813831326,0.00738256886108386
5,9,9,,,,0.0074368354229803,0.00748152502161604
15,4,9,6,9,3,0.00743693218577731,0.00712651482210079
13,2,8,5,9,10,0.00741212734026091,0.00743120063465914
5,3,1,,,,0.00749884118683471,0.00712567655891591
3,9,6,8,,,0.00747661934991933,0.00745732715282722
19,4,,,,,0.0073712379859887,0.00725647688309158
16,6,1,,,,0.00738905540084477,0.00731245156433209
1,7,1,10,1,6,0.00626498500702203,0.00598724982155989
16,6,7,8,7,2,0.0075147538523679,0.00710114250530602
10,6,8,1,10,,0.00472612536997013,0.00431600304246429
2,7,4,10,,,0.00739382491416568,0.00683453654422492
20,9,4,9,3,,0.00750057227348182,0.0071374165419318
8,5,4,,,,0.00730204349538927,0.00748792656993745
9,2,5,4,5,6,0.00745424395304314,0.00726193181022312
10,3,,,,,0.00463402283923047,0.00481076065107678
8,8,9,7,,,0.00748748197293439,0.00697031412142108
12,8,,,,,0.00740961289212335,0.00738593809074602
15,3,,,,,0.0074241639789965,0.00748388831574253
20,10,2,8,,,0.00738515111713198,0.00712875911439148
6,7,7,4,10,10,0.00742611004949895,0.00726584368105654
14,7,3,6,2,9,0.00757101267668731,0.00706617842180253
16,6,6,5,9,1,0.00731077444511753,0.00802754666220289
7,9,8,8,2,,0.00748674983602316,0.00719684924867529
12,1,10,7,,,0.00734700555013762,0.0070956441931174
16,8,,,,,0.00726942844147916,0.00775827662717844
20,1,,,,,0.00758351998608833,0.00693735231739758
7,9,,,,,0.00752531425841032,0.00739718773343767
2,6,6,1,,,0.00724935271078558,0.00711343303112682
4,3,6,2,10,1,0.00744990515957691,0.0075372782791111
5,8,,,,,0.00743984793829592,0.00768155377156488
10,10,,,,,0.00437541051500561,0.00478267514606548
10,8,8,1,5,,0.00448853100685803,0.00449248419699134
8,9,6,6,4,,0.00740204336753852,0.0074412271679749
6,7,4,,,,0.00741559340546682,0.00760177362208984
4,8,7,5,2,5,0.00742619357952555,0.00737906570241846
5,8,8,3,7,1,0.00740780719673141,0.00767316884253578
18,6,8,,,,0.00739722187223704,0.00792691888823666
6,2,8,,,,0.00738502848765033,0.00760183221140294
14,7,8,6,6,,0.00745892060005816,0.00720590329988385
2,1,7,,,,0.0072743255185283,0.0070719549723884
20,8,,,,,0.00749989356342889,0.00759817858227649
18,6,8,9,,,0.00738193871726197,0.0076398398480067
20,4,1,2,7,,0.00741488839443784,0.0072674212141482
13,2,9,7,5,,0.00732873956348206,0.00730846095312307
19,10,,,,,0.0073926490211869,0.00725068058266758
9,5,9,6,10,8,0.00718763173270073,0.00792658343531377
14,3,4,6,2,,0.00740245965515219,0.007716344412757
16,1,7,,,,0.00728603133845397,0.00722916367775584
6,2,4,3,,,0.00748207826509098,0.00743697343391967
10,9,6,7,4,,0.00452662516520751,0.00494109991117023
18,3,4,7,10,,0.00741192461633681,0.0075146891822365
7,2,1,10,5,4,0.00750143267512568,0.00753911953784196
10,10,8,4,,,0.00456613103240351,0.00429628381957095
12,8,,,,,0.0072504707291507,0.00797330060149287
11,4,8,10,8,3,0.00713066301916141,0.00717975375741716
20,1,8,4,8,9,0.0074589722897378,0.0071335254255943
18,7,,,,,0.00739885259492737,0.00718074635862231
12,5,,,,,0.00729964916688797,0.00733543697460626
9,5,2,,,,0.00731762301771499,0.0072866015875052
1,10,8,8,7,,0.00465214819434333,0.0047219088249715
16,1,10,,,,0.00735700866663926,0.00755003622464799
14,2,,,,,0.00734258104304275,0.00732001060777377
9,2,1,7,2,,0.00734987204151337,0.00757641086721672
20,2,8,6,4,6,0.00742998003904202,0.00730138775806919
14,5,5,8,,,0.00741195985320228,0.00735349721610853
15,3,6,10,8,,0.00740738300046988,0.00748679267396525
3,2,5,6,1,4,0.00744716856418396,0.00740532208143405
18,10,2,3,,,0.00740147931001308,0.00771208307383822
4,8,,,,,0.00738893145525943,0.00751882579044472
20,5,,,,,0.00742444911011457,0.00732571759317092
14,7,8,7,9,,0.00740576049416718,0.00732953016891484
17,2,,,,,0.00739282789320945,0.00746711846203339
3,9,5,3,,,0.00743376833771826,0.00738286676296529
2,3,,,,,0.00720028077858898,0.00737190616777806
8,1,5,1,4,10,0.00743140346197859,0.00753312941207318
18,9,2,,,,0.00736333369262623,0.00750663860037767
20,9,8,10,3,6,0.00740078472456659,0.00748189273104358
4,1,10,9,,,0.00742705549830206,0.00746665372264259
20,5,9,,,,0.00746477873334977,0.00720852831656218
4,6,9,8,3,5,0.00751563309824354,0.00702042643947817
13,1,4,8,6,,0.00737078150345043,0.00747781079605041
4,8,8,7,10,,0.0074579988721142,0.00735731422252248
18,6,4,9,10,5,0.00750683315564277,0.00725023345442824
8,1,3,4,5,6,0.00734403916124228,0.00741037734683947
12,5,7,9,,,0.00740955490415392,0.00746689683402856
13,4,2,5,1,,0.00745374607788444,0.00718564369072207
18,1,1,5,6,1,0.00741428793214283,0.00728618826980422
18,3,10,,,,0.00741743838518936,0.00712804952556341
14,8,3,,,,0.0074090010324934,0.00788620733537935
7,3,3,4,,,0.00743222616534719,0.00744516578671378
8,7,8,1,10,,0.00757036958399546,0.00786582471654149
13,6,9,9,4,6,0.00745801409177623,0.00723702338549965
8,6,4,8,10,4,0.00738844289544755,0.00756218675063391
14,6,6,5,10,,0.00733612568722714,0.00769071116424842
10,1,7,9,3,7,0.00466229435893641,0.00446367888068635
15,3,1,3,4,,0.0074616906596409,0.00745811374994569
17,6,,,,,0.0073759296293934,0.00750282437778297
18,10,,,,,0.00749055544003298,0.00706383899622221
1,9,1,1,1,2,0.00465623594906883,0.00455474253630997
4,10,8,,,,0.00730774083466194,0.00788106866874382
16,2,5,1,1,,0.00745842757431154,0.00720013609197983
16,4,6,1,,,0.00746905106566722,0.0073719298156091
13,8,9,7,2,,0.00751206293654266,0.00693342207764859
17,8,8,,,,0.00753947111165878,0.00710831543322727
10,6,,,,,0.00446217604420098,0.00434524756573018
4,5,,,,,0.00733368922126343,0.00732375960254524
13,5,6,10,3,5,0.00743029216170824,0.0072808558297912
4,8,4,7,3,4,0.00750587194291278,0.0074569668074521
20,3,6,8,,,0.00731979829640692,0.00747818608539492
17,7,8,,,,0.00740285665201609,0.00754030960408231
13,1,7,9,5,2,0.00747661248186377,0.00721019193944548
6,1,2,5,,,0.00741376249368708,0.0075884296091609
13,6,7,4,5,6,0.00724219291113075,0.00795370326216607
16,1,1,7,2,,0.00743626202627719,0.00736201819430326
9,2,10,1,8,10,0.00742174389847635,0.00747027390535527
12,1,,,,,0.00740770329671736,0.00728118258866506
12,9,10,5,9,,0.00736489267956834,0.00724119423800184
1,7,,,,,0.00462233795127542,0.00475691456353291
7,6,7,5,,,0.00749027479111398,0.00730653648447826
19,2,4,8,2,9,0.00749399523911752,0.00716826031409989
2,6,9,4,4,,0.00718966696282773,0.00732028356543002
18,5,6,7,,,0.00748500234628311,0.0072917589365059
1,3,7,1,,,0.00537811963278448,0.00533912918059981
3,8,,,,,0.00729015049218551,0.00752162400041182
2,4,,,,,0.00723148335753948,0.00680670887903218
3,1,,,,,0.00742726474994698,0.00741927778758862
5,3,9,1,7,,0.00749596768582256,0.00744114258995703
15,9,6,,,,0.0074559063154136,0.00725442661057713
10,2,9,,,,0.00459501405491427,0.00471115386441352
11,1,3,2,1,9,0.00731327019134316,0.00687562447687005
15,10,9,10,3,,0.00750157983344416,0.00704146492692947
14,7,3,2,2,,0.00740443166858879,0.00710298118526851
11,3,5,,,,0.00706087064662023,0.00765343691702938
15,4,8,5,,,0.00737177088769262,0.00737687216202695
20,7,6,6,8,,0.00733252761750289,0.00774625919016107
11,8,6,2,5,8,0.00708501597348017,0.00724987720898384
5,5,3,3,,,0.00739541314743944,0.00776822552777259
8,10,4,,,,0.00740862780482784,0.00726909927888045
12,2,3,,,,0.00737870751072455,0.00746607667161377
1,8,10,,,,0.00467545620926052,0.0048426852291994
17,9,1,,,,0.00732114488371422,0.00757161023702771
17,8,10,2,6,6,0.00743952465138754,0.00691061855634738
1,2,2,6,,,0.00754572185506185,0.00750680848796918
12,2,3,1,8,,0.00752741521827867,0.00684478748290983
12,4,,,,,0.0073457554604936,0.0076056766789374
1,9,,,,,0.00471069386737392,0.004455163290531
13,7,2,6,,,0.00742226336211778,0.00727242208918521
13,5,3,3,,,0.00742029212969084,0.00724284617789045
16,9,6,2,5,,0.00734180126491185,0.0076081554719276
12,2,9,1,8,,0.00749427710422378,0.00736067274965459
5,8,7,3,1,10,0.00749835832960182,0.00776562192132088
14,4,9,2,,,0.00744587422970394,0.00755445041415777
3,1,10,4,,,0.00750625096342364,0.00732929254835196
9,4,7,7,,,0.00742136314809772,0.00753950503838938
19,3,8,,,,0.0074776683456559,0.00775334609168644
15,10,4,4,1,5,0.00745040984554417,0.00741930424059822
13,2,4,9,,,0.00744253177490685,0.00743552302202808
17,5,7,10,,,0.00742632072174901,0.00728016744046426
12,9,,,,,0.00736545322005504,0.0075214893744468
12,3,2,,,,0.00737212945171008,0.00736886729231788
9,3,10,10,7,,0.00735018330456718,0.00720894834563344
12,7,,,,,0.00727245035983288,0.00748661825139851
18,10,,,,,0.00748388277491395,0.00713299518370851
5,2,5,8,,,0.00749849601220091,0.00763450537941164
10,2,8,,,,0.00449906376497618,0.00478383944888398
6,10,2,4,9,,0.00739133765990683,0.00773047292569957
9,8,7,6,,,0.00737271673860489,0.00772946466757615
4,1,2,4,10,4,0.00742497871438717,0.00748288935264061
15,6,1,9,7,2,0.00731134813302288,0.00753670757552294
6,7,7,6,,,0.00750405552313292,0.00701012538772468
17,10,10,5,5,,0.00746861397778473,0.00705349179637475
8,8,6,7,5,,0.00746357179443898,0.00726935064458809
3,1,1,6,,,0.00742461556372893,0.00761725218774095
10,4,3,6,10,1,0.00446233466256857,0.00470426617696013
1,4,,,,,0.00469035898618927,0.00457514258363495
17,5,2,4,9,8,0.00733675627607788,0.00778229214178139
19,7,6,2,,,0.0074538461533543,0.00730871028873497
13,5,4,2,5,,0.00752646790056136,0.00749171583486812
16,1,7,5,5,,0.00738545220279843,0.00767739840909455
6,3,,,,,0.00736873899260812,0.00783014921536453
16,9,2,5,9,,0.00738304390343073,0.00747623727992569
14,5,3,,,,0.00736891537306917,0.00746198750423826
4,7,5,,,,0.00747062245048416,0.00711846553147219
8,2,4,6,4,,0.00737794886880664,0.00719739352468177
6,3,7,,,,0.00750444730611376,0.0074412060048161
13,1,10,1,4,6,0.00734221454896534,0.00754577950234669
11,6,8,,,,0.00713631166264983,0.00712489004737677
14,10,2,1,,,0.00744174640295358,0.00714946402867481
11,10,,,,,0.00708167349369871,0.00703815661911571
5,10,3,10,8,9,0.0075795977090163,0.00744370557388918
13,3,4,2,,,0.00738977899147841,0.00751821683797241
14,1,,,,,0.00742609034942478,0.0072223250482926
18,3,9,,,,0.00744276032480242,0.00716814047117145
2,2,,,,,0.00719831567668724,0.00747546123252019
10,9,4,10,6,1,0.00450441113188118,0.00454829900500422
18,10,9,8,,,0.00734250768999668,0.0076970805617217
3,5,3,4,2,1,0.00751997559238677,0.0071151972964369
16,7,,,,,0.00734365624904119,0.00736863659017082
13,4,,,,,0.00732744623594755,0.00737664700055584
1,2,9,9,,,0.0046764287809508,0.0045917991303194
2,8,,,,,0.00740010457032276,0.00651191909750599
4,3,4,9,,,0.00752459624144671,0.00717988470327118
6,2,3,5,,,0.00748601890546418,0.00748374155490303
5,6,,,,,0.00759461144006325,0.00681128179649153
12,2,8,6,,,0.00740561478300787,0.0076439050928747
5,1,4,,,,0.00747087795056309,0.00753890595309651
19,2,6,,,,0.00748485611518855,0.00721293803983342
16,7,4,9,8,,0.00733395604774126,0.0075562702574165
18,9,5,9,7,1,0.007364144506227,0.00747975444746706
13,7,,,,,0.00730925151223017,0.0080355435023821
15,6,2,,,,0.0073589407135455,0.00749898737946995
5,4,8,1,6,,0.0074441290087504,0.007470759525961
12,8,3,9,10,3,0.00748274580246832,0.00708780967079204
7,2,3,6,10,,0.00743303396913128,0.00737779229433266
12,7,9,4,4,7,0.00748325063572432,0.00735900621393461
7,2,1,4,,,0.00734898707059416,0.00760859261262145
8,4,2,6,,,0.00737285880041292,0.00742273361940864
1,4,10,4,,,0.00461840876546456,0.00478761112073884
12,6,4,,,,0.0072624382478056,0.0072604725541336
13,8,7,,,,0.00747887169021862,0.00720418119409787
14,7,,,,,0.00730733272306581,0.00754921224039366
18,8,5,,,,0.00741320237278068,0.00718177760140883
9,10,5,5,2,7,0.00752016734441644,0.00735952802902708
4,6,,,,,0.00745737413520648,0.00729766018614223
16,5,,,,,0.00730994701419403,0.00801735395728607
11,3,1,3,8,,0.00720392156124144,0.00726982391336448
17,8,10,,,,0.00746659288041195,0.00701458759449835
2,9,9,6,4,,0.00719501001597892,0.00719092121005937
11,10,5,4,10,7,0.00710507141916086,0.00730263772680875
1,5,9,,,,0.00465955489838014,0.00461005443394527
1,2,9,1,,,0.00462413279300219,0.00472766085236857
13,3,1,,,,0.0074252498215059,0.00728330674730565
15,9,7,5,7,,0.00729245343961308,0.0077127347932701
12,10,,,,,0.0075478022009538,0.00735854517938734
5,9,2,6,10,,0.00753071927516502,0.00717799343138469
1,10,8,5,7,5,0.0046538163410936,0.00495057437144119
4,4,,,,,0.00750892369784308,0.00722266445289357
16,6,10,6,,,0.0073627165947371,0.0078249989761242
5,2,5,,,,0.00750159730920821,0.00731383027043892
10,9,10,,,,0.00454202370723444,0.00450465697148187
19,1,,,,,0.00733533547212622,0.00769685683285559
11,6,9,8,6,7,0.00695531473957393,0.00744802561733093
20,8,1,10,,,0.00739799946400355,0.00719001860760841
6,2,8,10,4,,0.00754328682040441,0.00699575232071736
8,1,5,9,3,,0.00741727625614685,0.00716327157293562
18,6,,,,,0.00737409093293097,0.00770993965889124
2,5,9,,,,0.00728366053678092,0.00672354533309425
1,6,7,4,7,,0.00463791959572788,0.00483366186491807
4,7,,,,,0.00741227328429533,0.00706842154877693
8,9,6,,,,0.00739537420296043,0.00761126954196668
15,6,7,10,10,,0.00737278713172062,0.00740148874347209
16,9,5,3,,,0.00730492805340933,0.00799871586945569
6,2,5,1,8,3,0.00740426640789454,0.00740597168718408
9,1,3,,,,0.00742814566743587,0.0075192245409381
5,3,1,3,10,8,0.00744007816243056,0.00710592540825742
12,1,3,9,9,4,0.00730299316820641,0.00734106471903883
19,9,8,7,,,0.00735037354311986,0.00750734259223875
10,4,2,,,,0.00453672555262888,0.00433711632920285
4,1,8,4,,,0.00742296979138582,0.00752096771388312
5,9,5,,,,0.0073250208809811,0.00733979185085218
5,5,5,6,,,0.00731954271684105,0.00774737187225625
16,6,8,,,,0.00743045353661052,0.00734646159258349
10,10,4,,,,0.00456035024386316,0.00456352019411407
17,8,8,,,,0.00750753029884336,0.00786426976094352
3,8,5,6,7,4,0.00735478415451791,0.00767092929007502
15,6,6,9,3,,0.00743877327683142,0.00711934008698457
5,9,10,4,,,0.00744299197222847,0.00718487266763055
17,5,,,,,0.00737588259887485,0.00721125050912035
3,4,9,,,,0.00754189744062132,0.00715603247190865
1,5,3,,,,0.00470191856319828,0.00478004389413142
19,6,,,,,0.00758984017855108,0.00723433020822213
15,1,6,,,,0.00732721691504911,0.00760065274934564
4,10,4,3,4,5,0.00740667834945263,0.00780555842580959
13,3,6,2,,,0.00749726519882682,0.00734848105221319
14,4,10,4,7,,0.00740583547061612,0.00720803939254821
15,5,3,9,10,,0.0073808013216843,0.00729823958658781
16,2,,,,,0.0074377936948837,0.00740804992038515
17,8,,,,,0.00740721437865043,0.00732206915908082
17,6,,,,,0.00745372350346423,0.00706916516733801
14,4,8,10,3,8,0.00755812770686856,0.00679948113505233
7,4,,,,,0.00742089959006586,0.00737793980019491
4,2,3,,,,0.00746994878485753,0.00770063479652296
5,3,6,8,,,0.00734860845120974,0.00816910509158495
10,6,4,5,,,0.00449473892196266,0.00428159290613331
9,2,3,2,,,0.00750759302543207,0.00731542257423086
10,9,1,,,,0.00448473685069492,0.00431059354332744
6,9,4,5,,,0.00742466481965301,0.00736130267936543
1,8,9,3,4,,0.00467120546199862,0.00449758863201674
14,2,9,10,1,3,0.00739524896144336,0.00755406058821105
1,2,7,,,,0.00464252469179393,0.0045876815275499
20,6,3,,,,0.00745748264333322,0.00758301340552227
11,8,8,2,9,,0.0072284965198574,0.0079195525679663
9,2,,,,,0.00740093013278793,0.00734749801688456
20,6,8,3,,,0.0073648567365171,0.00801639885155444
13,7,6,2,1,7,0.00745680255886989,0.00723775423368184
17,10,7,7,,,0.00744003113977289,0.00769196518347133
16,10,6,,,,0.00745564262643112,0.00771285989971042
5,4,9,1,2,10,0.00742800176536458,0.00728297940465276
3,4,1,3,,,0.00758131534851958,0.007411491049505
14,6,5,,,,0.00739351654020429,0.00788874737763289
17,10,8,6,10,,0.00744739454604548,0.00771381283121325
8,4,10,10,,,0.00745108571708725,0.00730067414159425
13,9,9,9,,,0.00741396511839577,0.00739877388285254
4,1,5,7,,,0.00743844076902631,0.00744760211092609
9,7,7,,,,0.00749243432207569,0.00757797364773497
2,4,7,,,,0.00726176496309558,0.00691428123523419
11,8,8,1,8,8,0.00724839814254926,0.00655750730932201
15,2,2,3,5,3,0.00747863597352694,0.00711930437829458
3,7,10,3,9,10,0.00747840605751435,0.00737071644475097
11,6,4,7,2,6,0.00728815246526313,0.00678603970849553
5,3,5,4,9,,0.0074592565683673,0.00717129111149085
17,9,4,9,,,0.0074293771238357,0.00705394471014333
16,6,3,,,,0.00740696756227243,0.00723170122361736
18,5,,,,,0.00746961851561313,0.00737134813497481
9,4,8,2,1,,0.00754944428280125,0.00701496739209751
3,3,9,9,8,,0.00748576650863919,0.00751817681991143
8,3,4,,,,0.00751243049874168,0.00712729263048517
7,4,,,,,0.00745797756701116,0.00750186630334277
3,1,1,6,7,,0.00755875678269013,0.00747059309400738
18,10,1,6,2,,0.00736836071623302,0.00740563157710814
20,10,7,6,4,,0.00738559685309339,0.00778043560379768
6,10,3,9,5,,0.00734223108978036,0.00759846223528297
2,8,3,1,8,10,0.00717377602999358,0.00734493374971453
7,8,4,,,,0.00752311289383673,0.00737303320857244
1,5,3,,,,0.00459972732532238,0.00460448342236948
4,1,5,9,1,,0.00737996438772308,0.00778814456450437
17,4,,,,,0.00738329040200951,0.00785629966477127
15,4,2,,,,0.00748614691803046,0.00745003425938031
14,6,6,2,5,3,0.00734766853478222,0.00788491807451107
10,9,3,1,8,,0.00441104951560655,0.00469577117900206
13,1,8,9,7,5,0.00752249884133193,0.00711317091320955
13,9,3,2,7,,0.00728930084416089,0.00747481680921514
3,5,5,8,3,,0.00744503388488317,0.00730419809102844
18,8,,,,,0.0071574463266632,0.0079440726695588
4,8,9,6,2,,0.00754011793296643,0.00727022514904761
9,2,7,6,8,,0.0073674018214711,0.00771618331963327
18,6,,,,,0.00749194640610305,0.00698684293858594
8,8,7,6,,,0.00747594968402671,0.00721320757559909
9,9,7,7,8,2,0.00742983959025527,0.00724860721190628
20,3,6,,,,0.00733377832587584,0.00732603884896044
15,10,5,3,6,,0.00744127907703381,0.00748873903834962
10,4,8,7,2,8,0.00467252349852052,0.00459049457299322
11,8,2,2,,,0.00719363361974562,0.00711637066631454
15,3,8,4,,,0.0074990441432906,0.00760053234024748
16,8,7,7,7,5,0.0074194043445155,0.00754015192011677
7,5,7,,,,0.00746118957244254,0.00779249642521282
3,8,,,,,0.0075218888211983,0.00698219245407219
8,7,10,,,,0.00739817408586382,0.00746996599254243
17,4,2,,,,0.00749663944600879,0.0071865651711527
19,7,7,4,4,,0.00738488787807915,0.0075100913791178
6,9,,,,,0.00747349889418076,0.00725491742944966
13,9,8,1,,,0.00760725191214037,0.00659808124704266
11,6,4,10,3,8,0.00718799094794281,0.00696865444183488
12,4,3,7,2,,0.00737035842429789,0.00729329934162663
9,7,,,,,0.00750524787181686,0.00705834804303148
16,10,3,,,,0.00740322768087065,0.00784145725819369
1,5,,,,,0.00460036965585252,0.00458494692102282
19,8,2,3,7,8,0.00741348273836541,0.00756092048907516
16,2,7,7,4,,0.00750460642902472,0.00730385834540559
2,1,10,,,,0.00717370908409978,0.00703128941796147
13,10,10,6,10,,0.00738853258017306,0.00768841604340375
11,8,4,3,,,0.00700100492782841,0.00729268227554044
20,9,10,10,,,0.0074398949731644,0.00771228867632602
2,6,6,6,5,,0.00717949226761221,0.00758685009115501
10,1,6,8,3,2,0.00448879662461915,0.00452692006550585
13,10,,,,,0.00745223134672059,0.00781813340019932
7,9,7,,,,0.00741477142097618,0.00750804807928485
10,5,,,,,0.00451953655369118,0.00443244656660641
4,9,8,,,,0.00750488436046099,0.00754378927897965
17,10,,,,,0.0073557761258133,0.0072515723870285
16,3,9,8,,,0.00741287328174594,0.0073353435488499
2,6,1,4,10,,0.0070799031991623,0.00741681047667907
20,1,1,,,,0.00743024468648197,0.00712514724711777
11,1,,,,,0.00717815376599818,0.00692546190922305
9,2,,,,,0.00747704469036314,0.00720085513124688
4,10,7,,,,0.0074413503859075,0.00754077609117387
4,6,1,,,,0.0075464139612501,0.00742091162889671
10,10,8,5,8,9,0.00450259226552597,0.00460563989692038
4,8,5,,,,0.00785205123089797,0.00640622053352089
4,1,9,8,,,0.00755805125791772,0.00698101627808332
19,4,1,3,,,0.00726745608467531,0.00785806570264443
16,5,9,2,,,0.00754335818265845,0.00701708461867615
8,9,2,,,,0.0073816564636528,0.00740410901779841
20,2,5,1,8,2,0.00727772976789575,0.00771300521635371
1,1,8,7,8,2,0.0046714225094147,0.00460453021617787
11,7,10,10,6,,0.00712835465128752,0.00742572326400603
15,2,9,9,,,0.00733293825882003,0.00742950381260021
20,5,4,,,,0.00745655729501373,0.00750498661067468
5,9,,,,,0.00738114997219846,0.00751597679800249
1,5,,,,,0.00460527065300334,0.00496115394710329
7,10,,,,,0.00740114389923411,0.00750790026978902
8,1,3,,,,0.00726370491766232,0.00771488389306227
15,7,,,,,0.00743702732262441,0.00730250327664272
11,10,6,10,9,8,0.0070603162433298,0.007138280304235
6,7,7,,,,0.00764838383081967,0.00725510546806539
19,4,6,,,,0.00748307432639666,0.00707479529047815
13,4,,,,,0.00734777658782649,0.00779695194594167
14,6,8,10,10,6,0.00740600407445566,0.00737594918371788
3,9,9,,,,0.00723576164137501,0.00786981874820586
13,3,7,,,,0.00745703648394243,0.00698674670505798
17,6,7,,,,0.00744598007353169,0.00713656392660631
2,8,5,3,3,,0.00733670504686567,0.00746399541483799
20,7,9,8,8,2,0.00733063265096328,0.00781101211218104
18,6,5,9,,,0.00725924132970963,0.00818475119205943
13,2,,,,,0.00731048588578734,0.00771996779256686
20,9,,,,,0.00747134095682596,0.00734929901861589
12,1,6,8,10,7,0.0071573332015563,0.00762176608038456
9,4,,,,,0.0073936356687736,0.00715245131492979
20,6,,,,,0.00746658124860022,0.00730098717339727
9,6,2,2,,,0.0074812607366295,0.00718251139610686
9,10,2,6,,,0.00740976155610481,0.00748758210392138
17,7,8,,,,0.00742365432221959,0.00752824189139798
19,6,,,,,0.00724542867665491,0.00763837183763601
11,5,8,3,1,,0.0070955316192574,0.00731532602687551
10,1,8,3,,,0.00450732746631467,0.00436804064321904
3,6,6,6,9,10,0.00755975295833121,0.0071698332314259
15,9,1,7,1,10,0.00735315860299692,0.00768204884274685
8,5,2,1,9,,0.00736514028312554,0.00746054438214778
12,10,10,8,3,2,0.00735631963076645,0.00765295800542414
8,7,8,8,,,0.00739604190078505,0.0073834262551327
3,8,5,7,2,,0.00745093553147815,0.00744753523043849
14,3,9,3,4,,0.00749410981988344,0.00737605105143316
19,1,6,4,,,0.00725618694698322,0.00799083181877668
6,5,2,5,1,5,0.00738348656378398,0.00782038130197796
20,6,,,,,0.00737501610996653,0.00745369235933217
13,7,,,,,0.00738062539231181,0.00745686568340438
11,10,4,8,6,,0.00715580654475711,0.0071138664190419
10,9,7,6,9,,0.0044960829746761,0.00446869285126168
15,5,9,5,10,,0.00747468748915805,0.0075842420028301
16,3,,,,,0.0072787488717922,0.00786746090613088
7,8,9,8,10,9,0.00734636493847322,0.00764654561148665
1,9,10,,,,0.00465301235793805,0.00432627441596804
10,8,,,,,0.00448195206737624,0.00451420717751197
9,6,7,4,,,0.00747050647746971,0.0071304231023182
18,5,6,9,,,0.00741267200120486,0.00757003004641544
16,8,8,,,,0.00735647958992596,0.0076920606377126
6,9,7,9,2,,0.00758005214860902,0.00704927339309377
7,3,7,4,,,0.0074465753906706,0.00768041459129141
6,2,1,,,,0.00744759240108981,0.00732360683542637
3,6,1,6,,,0.00753541202130302,0.00686936580992361
18,8,1,4,5,,0.00736104925749723,0.00794027276461369
16,3,,,,,0.00734901511597983,0.00767944349408812
1,9,2,,,,0.00474968637895605,0.00451581771940354
12,2,2,9,7,,0.00736415077358837,0.00772503613789093
4,10,1,5,7,10,0.00743345027385749,0.00752182356444791
16,2,3,6,4,5,0.0074573060335744,0.00758406134864821
1,5,9,4,1,,0.00462698053634977,0.00507760717290528
10,10,10,,,,0.00454281294900794,0.00446058605112758
4,3,1,,,,0.00745375105171508,0.00716815490505546
17,8,9,,,,0.00743375673651185,0.00720646470558261
1,6,5,3,3,4,0.00512758154744252,0.00489957822622531
19,9,8,,,,0.00744323249184765,0.00745978451580261
16,1,5,2,8,5,0.00735358725986157,0.00784941364271104
18,10,5,5,8,,0.0074552475378721,0.00712295972483589
17,5,2,,,,0.00725525221859658,0.00786581739279997
10,7,,,,,0.00454416156663509,0.00429776608295795
8,8,7,,,,0.00742197975924347,0.00745142397548545
15,4,,,,,0.00745650217850705,0.00684876085327905
13,7,9,1,3,1,0.00739904518206218,0.00724767157637619
1,9,2,3,,,0.00479463126878858,0.00431027989364178
16,10,4,10,,,0.00746177336101122,0.0073950024495717
4,2,,,,,0.00744247994046934,0.00740195522592497
2,5,,,,,0.00715432324400547,0.00730119822346308
20,8,1,8,2,3,0.00738278395712774,0.00738952159524083
