sparsity,reservoir,ro,input_scale,ridge penalty,train mse,val mse
0.1,741,1,0.4,4.2,0.00698906620880992,0.00720176864284136
0.4,327,0.1,0.2,1.9,0.0252445879107145,0.0256118770025541
0.3,302,0.5,0.9,8.6,0.00808195795213621,0.00853295343329607
1,737,0.3,0.2,6.3,0.0285913544588434,0.0285753182431198
0.3,505,0.7,0.5,2.4,0.00578158345158126,0.00617658491081097
0.8,958,0.1,0.7,7.3,0.0250048271832213,0.0255142986005872
0.2,91,0.9,1,0.6,0.00545334089353047,0.00569737434712912
0.3,204,0.3,0.3,4.2,0.0175612235665195,0.0179930338355169
0.2,335,0.6,1,8.1,0.00659453114755528,0.00702765098734427
0.9,106,0.6,0.5,3.7,0.00704753694553963,0.00747012911662251
1,603,0.1,0.9,2.5,0.0234921565334696,0.0240414865089836
0.5,679,0.6,0.8,1.5,0.00552947871732675,0.00589620516531416
0.7,244,0.2,0.9,8.5,0.01999196385851,0.0205016737705798
0.7,392,0.1,0.9,1.2,0.0198961481382112,0.020417797622157
0.4,407,0.2,1,0.1,0.00753529022369377,0.00784839478796632
1,700,1,0.2,7.8,0.00723364893163564,0.00743873764663274
0.8,321,0.4,1,5.3,0.00900683382258196,0.00942722178505085
0.5,348,0.9,0.9,3.2,0.00558260723892295,0.00587097811757332
0.6,21,0.2,0.1,7.9,0.0526212620714211,0.0515741300966487
1,849,0.8,0.4,4.8,0.00586891078997574,0.00622515306620393
0.5,918,1,0.6,8,0.00696564617035681,0.00717486180334761
0.1,57,1,0.5,4.7,0.00662233218473008,0.00681039829946696
0.8,23,0.7,0.7,2.2,0.0052507200156455,0.00559520165445459
0.9,893,0.1,1,0.6,0.0164907012485558,0.0169679208313559
0.6,784,0.6,0.2,9.4,0.0144576153946752,0.0146651097819433
0.5,19,0.6,0.9,3.7,0.00560094186947819,0.00595945253672089
1,748,0.7,0.2,3.1,0.00911650171851825,0.00950357764011578
0.6,935,0.6,0.7,9.5,0.00736733284156979,0.00780175799154403
0.4,62,0.2,0.4,4.7,0.0206872008695573,0.0211526189912002
0.4,973,0.4,0.1,4.1,0.0289588687525367,0.0286844938255966
0.6,27,0.8,0.1,4.9,0.00878605536784098,0.00903799017551537
0.6,914,0.1,0.6,6.9,0.0247294009711812,0.0252212276303986
0.8,502,1,0.6,9.4,0.00691988642898558,0.0071272267742182
0.8,359,0.5,1,10,0.00819342405229086,0.00862274871700128
0.9,857,0.2,0.2,9.4,0.0347045188805419,0.0344265829524232
1,983,0.6,0.4,2.6,0.00771698836263401,0.00814495777329675
0.6,916,0.8,0.3,3.1,0.00583034107216183,0.0061920086033959
0.5,480,0.8,1,3.1,0.00533822568501012,0.00566756817173699
0.2,147,0.2,0.3,7.8,0.0222504837974421,0.0225320446811869
0.2,443,0.7,0.5,3.5,0.00617929837197762,0.00659552021088798
0.8,77,0.7,0.7,3.5,0.00547454019480295,0.00584370253638702
1,272,0.8,0.3,8.8,0.00695847037126623,0.00731160002842283
0.5,387,0.2,0.5,9.7,0.0219630421126679,0.022385258355258
0.2,577,0.1,0.5,6.1,0.0237624899556425,0.0242414628557171
0.8,350,0.7,0.2,6.4,0.009927203460865,0.0102607672061517
0.4,576,0.6,0.1,6.9,0.0229577998018914,0.0227709773279103
0.3,685,0.2,0.2,0.4,0.018563717912391,0.0190852885758763
0.7,524,0.7,0.7,1.8,0.00539968909249094,0.00576274081343756
0.6,336,0.8,0.6,2.5,0.00538424311470692,0.00572096882657108
0.5,111,0.7,0.5,4.6,0.00608560747376973,0.00648621922828447
0.3,754,0.1,0.8,9.2,0.0236748843605023,0.0241944821198678
0.7,242,0.7,1,7.9,0.00558174982207945,0.00595689993847618
0.8,761,0.1,0.3,6.5,0.0275859820893074,0.0278252090261749
0.2,872,0.8,0.9,4.1,0.00544277037700965,0.0057854086645701
0.3,772,0.5,0.7,1.4,0.00620732974656708,0.00659289261439879
0.5,910,0.9,0.3,3.3,0.00576776039105851,0.0060757634097295
0.6,465,0.2,0.8,3.5,0.0174249846822584,0.0179272796121516
0.1,234,0.7,0.9,10,0.0064892428700928,0.00691900527669138
0.6,671,1,0.1,9,0.00728398250658751,0.00748479360244426
0.3,474,0.4,0.2,1.8,0.0139432251434585,0.0143968516663144
0.8,405,0.7,0.9,4.7,0.00548567467213914,0.00585548512714398
0.4,493,0.4,0.5,1.2,0.00830867820390087,0.00873134537753322
0.3,544,0.6,0.1,7.4,0.0223699407423344,0.0221948366566395
0.1,326,0.8,0.9,2.2,0.0054367212024467,0.00577608314307444
0.2,929,0.2,0.1,0.1,0.0185665268855651,0.019095089548078
0.4,389,0.6,0.8,6.9,0.00649598412785735,0.00691700658177229
0.1,908,0.6,0.8,1.6,0.00597913129141721,0.00638693184941977
0.1,257,0.2,0.1,8.6,0.0503852394985994,0.0493882821237334
0.8,260,0.7,0.3,7.3,0.00830597873704969,0.00870247414799388
0.3,126,0.6,0.8,6.3,0.00649808005813036,0.00692112761484984
0.5,356,0.4,0.4,1.9,0.0108852917679453,0.0113479082498143
0.4,195,0.4,0.3,7.4,0.0159270137412729,0.0162928411295844
0.2,539,0.7,1,6.6,0.00576683036019292,0.00616213897237583
0.4,850,1,0.1,9.9,0.00728295779419812,0.00748411164864714
0.1,832,0.8,0.8,6,0.00574991709185111,0.00611458897425153
0.3,496,0.6,0.9,1.9,0.0055755064947801,0.00594879217194253
0.7,235,0.8,0.3,8.8,0.00649559137333235,0.00685842666402824
0.1,126,1,0.1,8.7,0.00710431575302945,0.00731846190463386
0.2,125,0.5,0.6,5.3,0.00893483850128812,0.00940871518575721
1,328,0.7,1,8.2,0.00567100353598615,0.00604816645917256
0.5,361,0.4,0.7,4.2,0.00985473711699731,0.0103033542308244
0.3,169,0.5,0.4,6.3,0.010615298372909,0.0110831744507783
0.1,35,0.9,0.8,5.3,0.00574043290801217,0.00598446730075643
0.6,779,0.8,0.5,9.5,0.00587433472819985,0.00623684090053109
0.1,66,0.6,1,0.3,0.00540623020601148,0.00574886814599133
0.6,328,0.5,0.3,6.6,0.013029158806818,0.0134294650648635
0.4,443,1,0.3,4.2,0.00703150598193324,0.00724394361334577
0.7,88,0.1,0.1,5.3,0.0494880834357944,0.048603156527347
1,285,0.3,0.6,5.4,0.0186175118227175,0.019101612005821
0.8,677,0.6,1,4.5,0.0057700116644436,0.00615093756711982
1,516,0.3,0.7,4.6,0.0163687656379829,0.0168530746854248
0.3,28,0.1,0.1,0.9,0.0269315928474118,0.0271248352226909
0.5,385,0.1,0.7,2.6,0.0229905433970691,0.0235376770197586
0.2,307,0.5,0.6,5.1,0.00891667983005928,0.00939268137770416
0.9,366,0.7,0.4,7.4,0.0075085273315576,0.0079179569099363
0.6,415,0.2,0.3,9.2,0.0257613466561718,0.0259342644581104
0.9,399,0.5,0.7,8.9,0.0104356696780133,0.0108854197143711
0.8,612,0.9,1,8.8,0.0056130525154975,0.00590750280168603
0.6,516,0.7,0.3,6.3,0.00754894031317273,0.00796180333361838
0.8,281,1,0.6,0.6,0.00622832732823387,0.00641462406106804
0.5,618,0.2,1,0.9,0.00987994922772988,0.0102738938984635
0.4,259,0.9,0.5,5.3,0.00571532296805319,0.00601772735523316
1,254,0.1,0.9,6.4,0.0246977385928387,0.0252370959699359
0.8,68,0.5,0.5,7.8,0.0113976421702142,0.0118416592953016
0.7,851,0.6,0.8,6.3,0.00641147742068081,0.00682072508975623
0.4,21,0.4,0.4,3.7,0.0124780717914427,0.0129516704205794
0.6,969,0.9,0.5,3.9,0.00567776412685797,0.00597930617404098
0.7,402,0.8,1,7.5,0.00538345377165087,0.00571871274860032
0.9,770,0.3,0.8,9.8,0.0177184877716455,0.0182019984909512
0.4,692,0.4,0.4,2.6,0.0117022601914743,0.0121778136178863
0.5,589,0.9,0.7,6.4,0.00567008720407409,0.00596943827453847
0.6,84,0.8,0.9,6.9,0.0053545959850683,0.00568251953451086
0.8,934,0.2,0.9,8.5,0.0203319294856998,0.0208419530414688
1,187,0.6,0.1,9.3,0.0406177708479361,0.039873074952538
1,346,0.5,0.7,2.8,0.00738166193268309,0.0077885303442161
0.3,402,0.8,0.4,3,0.00568570079617588,0.0060451832628154
0.8,305,0.6,0.7,8.2,0.00729232772863743,0.00771932830417225
1,632,0.1,0.3,3.2,0.0263000025173329,0.0267054005985765
0.9,812,0.3,0.1,5.4,0.0449686761354897,0.0441992375559182
1,240,0.3,0.9,8.4,0.0168449088445057,0.0173292609974813
1,435,0.3,0.8,0.8,0.0083735199490431,0.00874793206088353
0.5,600,0.7,0.7,6.8,0.00589097951613995,0.00628701375588478
0.9,949,0.7,0.8,2.6,0.00542318465364867,0.00578768442713678
0.1,495,0.1,0.1,3.5,0.0393872225080968,0.0388784631344244
0.8,72,0.4,0.4,5.3,0.0164864156928119,0.0169250961643117
0.4,162,0.1,0.6,9.3,0.024426814881725,0.0248923852994874
0.9,333,0.9,0.7,7.9,0.00562354212980681,0.00592057038432619
0.7,112,0.7,0.4,7.7,0.00719646550840682,0.00761029844678247
1,50,0.8,0.5,8.7,0.00585999640741223,0.0062092335739857
0.4,716,0.5,0.7,8.7,0.0090569870756219,0.00951711435059999
0.6,802,0.9,1,6.7,0.00562819524973346,0.00592287043628662
0.2,400,0.8,1,4.5,0.00541623295817529,0.00575372177262526
0.8,619,0.3,0.6,8.9,0.018735923599831,0.0192008168174844
0.1,877,0.3,0.1,2.1,0.0225943758785682,0.0226517440924442
0.9,404,0.9,1,1.8,0.00531512696049202,0.00559629812580443
0.6,569,0.2,1,8.4,0.0189110151307907,0.0194220842852643
0.3,470,0.7,0.5,9.6,0.00679268341327624,0.00722071139708201
1,340,0.3,0.4,6,0.0208770636126998,0.0212954134887534
0.7,225,0.6,0.8,6.5,0.00640574581431549,0.00681510840438964
0.8,719,0.4,0.2,0.1,0.00720323712512756,0.00758048719122536
0.1,667,0.4,0.6,1.7,0.0100070093405261,0.0104907246754328
0.9,285,0.8,0.2,3.3,0.00653816555683498,0.0068983010152604
0.7,516,0.7,0.8,9.4,0.00592835112539317,0.00632172197480546
0.5,909,0.6,0.9,7.1,0.00624206207916332,0.00665153307610245
0.2,574,0.9,0.7,4.5,0.00569777066944399,0.00599846424198705
0.1,445,0.5,1,3.6,0.00730634701502549,0.00774743143910946
0.4,552,0.1,0.8,3.9,0.0230182709619952,0.0235655069219727
1,123,1,0.7,6,0.00641603858874689,0.00660307137142606
0.1,101,0.6,0.2,8.2,0.0103169072416519,0.0106724854344286
0.1,584,1,0.3,0.7,0.00701765825493253,0.00722893010310104
0.9,905,0.7,0.1,4.4,0.017357732815125,0.0173802395123567
0.8,33,0.9,1,5.8,0.00508561589920632,0.00531209043526571
0.1,652,0.5,0.7,5.3,0.00918784034577347,0.00968195682997172
0.8,276,0.4,0.5,4.8,0.0138456160279568,0.0143103288173317
0.9,426,0.3,0.9,1.2,0.00847327198368211,0.00885239727574343
0.5,860,0.1,0.7,0.5,0.0178692340352455,0.0183712956269632
0.8,469,0.3,0.4,7.1,0.0204324202698906,0.0208349846918889
0.6,458,0.8,0.1,8.5,0.011491138053199,0.0116306278527129
1,258,0.1,0.5,3,0.0252640297582118,0.0257858165432343
0.7,276,0.6,0.8,8,0.00672860048161836,0.00714553701424111
1,377,0.5,0.3,5.7,0.0156973628502648,0.0160743145283657
0.9,570,0.1,0.2,0.5,0.025124611071409,0.0256444618440534
0.7,540,0.3,0.5,8.5,0.0190727194747268,0.0195140004873404
0.8,250,0.6,0.5,7.6,0.00869100426154143,0.00912821675307703
0.2,185,0.2,1,9.1,0.0183649322091706,0.0188941703347556
0.8,88,0.2,0.8,9.6,0.0211255790225618,0.0216242519144587
0.2,795,0.3,0.7,4.7,0.0140963562210728,0.014602292574193
1,898,0.5,0.3,2.3,0.0120924391702557,0.0125428688302547
0.5,577,0.6,0.5,2.1,0.0061982494684015,0.00660614133047945
0.5,116,0.2,0.1,9.2,0.0555759225086828,0.0544241207806858
0.4,378,0.7,0.8,1.1,0.00534811050675854,0.00570418772240154
0.8,756,0.4,0.9,7.9,0.0112178545811442,0.0116707219828477
0.2,455,0.3,0.6,1.9,0.0123390989923253,0.0128230114793391
0.2,420,0.4,0.1,5.5,0.0305736292365985,0.0302010974146862
0.7,894,0.2,0.2,8.3,0.0318054346537437,0.0316373616875019
0.1,416,0.8,1,5.5,0.00557401813861141,0.00592476973820503
0.7,919,0.4,0.2,5.7,0.0213005650895774,0.0214597938816305
0.6,231,1,0.9,5.6,0.0065971684001312,0.00678376558232779
0.8,524,1,0.3,7.7,0.0071062412199254,0.00731803457204403
0.8,759,0.2,0.4,3.3,0.0221423579682893,0.0226236148564802
0.4,229,0.2,0.2,1.4,0.0213543813772379,0.021795517623677
0.4,452,0.7,0.2,6.1,0.00818725825023272,0.00857354908489269
0.6,333,0.9,0.6,0.4,0.00538562285004843,0.00567072660469599
0.7,95,0.7,0.9,6.9,0.00556882528417132,0.00594133927002303
0.9,415,0.7,0.7,5.8,0.00586508179927194,0.00625170440619443
0.6,977,0.3,0.4,0.8,0.011780713540331,0.0122317147467338
0.7,860,0.5,0.8,1.9,0.00613169816044085,0.00650419316304189
0.9,678,0.6,0.2,1.7,0.0100827553583192,0.0105125517180537
0.9,830,0.8,0.5,5.2,0.00564660873680518,0.00599750961497575
0.1,200,0.2,0.6,1.8,0.0176910389361343,0.0182321329771972
0.7,503,0.6,0.6,7.5,0.00765379982747826,0.0080883405446752
0.3,997,0.2,1,4.9,0.0165482109832082,0.0170582905628484
1,118,0.4,0.6,0.1,0.00608183974550925,0.00639450385636017
0.7,95,0.4,1,2.7,0.00720746625976485,0.00758468516368753
0.2,59,0.7,0.5,0.1,0.00529503024077328,0.00564181419193795
0.2,237,0.9,0.2,6.8,0.00597676638015812,0.00629297569022963
0.4,976,0.8,0.1,0.3,0.00580683878577852,0.00617096799862844
0.8,126,1,0.8,1.3,0.00581708362383865,0.0059849438881294
0.2,246,0.5,0.1,7,0.0272837540504443,0.0269687151611037
0.3,122,0.6,0.3,3.4,0.00827712934160311,0.00873494582647724
0.4,244,0.4,0.7,4.3,0.00989979239531578,0.0103544584580193
0.6,474,0.5,0.6,8.5,0.0101399615124922,0.0105957477295786
0.6,248,0.9,0.2,7.1,0.00597230040078816,0.00628401290795728
0.3,681,0.4,0.5,2.7,0.0106034150139026,0.0110773032888306
0.8,874,0.2,0.9,1.4,0.013068479525579,0.0135125605072407
0.9,205,0.2,0.2,2.6,0.0252957278588184,0.0255874766413382
0.3,168,0.1,0.5,8.4,0.0243434076421157,0.0247778537575664
0.2,213,0.3,0.2,1.7,0.0169053926854314,0.0173580501279302
0.1,178,0.8,0.4,0.9,0.00562301589722496,0.00597982016251606
0.9,87,0.9,0.5,1.3,0.00516036021331781,0.00543770715158942
0.1,335,0.6,1,0.6,0.00548636617728427,0.00584941049792657
0.6,540,0.3,0.7,7.1,0.0159292394526865,0.0164149534820184
0.5,874,0.2,0.5,9.8,0.0219621202847002,0.0223830968012784
0.2,174,0.4,0.5,9.7,0.0133982731219811,0.013870201131871
1,961,0.6,0.4,4.1,0.00908214203150483,0.0095185444699623
0.5,691,0.3,1,4.1,0.0108461997943238,0.011286265648585
0.9,559,0.4,0.4,4.1,0.0155339880137436,0.015991390501514
0.9,700,0.9,0.9,4.1,0.00556337768250409,0.00585623967777269
0.6,68,0.6,0.4,2.2,0.00682700627178153,0.00724874697519369
0.2,40,0.4,0.9,10,0.0110864207069397,0.0115711462750362
0.6,949,0.2,0.8,3.6,0.0174453135288826,0.0179488905397047
0.9,368,0.1,0.2,3.6,0.0286663116744998,0.0288265220654658
0.2,557,0.4,0.1,9.1,0.0400514947405646,0.0393312299002561
0.4,66,0.6,0.7,1.8,0.0056830222919355,0.00606271961482542
0.4,322,0.5,0.7,8.5,0.00898092172421095,0.00944174322515418
0.5,9,1,0.9,5,0.00572054647858323,0.00584980780206075
0.6,333,0.6,0.9,7.7,0.0063260087986447,0.00673431668758355
0.7,242,0.2,0.5,3.8,0.0209495145694582,0.0214496251335277
0.9,957,0.4,0.7,8.3,0.0139873579809532,0.0144539611140767
0.6,546,0.7,0.1,3.6,0.0120978307954382,0.0123045703238914
0.1,381,0.4,0.6,4.3,0.0117471011934117,0.012257539693461
0.4,259,0.4,1,0.7,0.00617824081234782,0.00650779010552933
0.4,493,0.3,0.7,2.1,0.0110031045210823,0.0114503763625156
0.2,839,0.1,0.3,6.7,0.025752961602395,0.0260168082844962
0.4,802,0.7,0.5,8.2,0.00661516218891429,0.00703647572770928
0.8,74,0.5,0.8,0.7,0.00572374559803422,0.00606458164346625
1,399,0.1,0.6,4.8,0.0252774851413687,0.02579320553373
0.7,249,0.8,1,6.2,0.00534901914810732,0.00568049906759533
0.2,679,0.1,0.4,1.2,0.0229372595570363,0.0234871483208568
0.6,369,0.2,0.6,4.9,0.0201822379439458,0.020687974309842
0.9,307,0.5,0.2,8.9,0.0227940169424043,0.022804898182705
0.8,23,0.2,0.6,1.9,0.017196550501109,0.0176909588879258
0.5,719,0.6,0.5,5.1,0.00736312085761717,0.00780330143538471
0.7,927,0.9,0.1,5.4,0.00631280264138335,0.00660562581936556
1,400,0.4,1,2.4,0.00751890566850333,0.00790052358702638
0.2,426,0.8,0.9,4.7,0.00546383535892469,0.00580684210491379
0.3,129,0.8,0.8,7.4,0.00552473750792258,0.00586800979186998
0.2,367,0.9,1,1.8,0.00560925004029419,0.00589290559442713
0.9,768,0.5,0.8,2.2,0.00642303898122926,0.0068043037035513
0.8,92,0.6,0.6,6,0.00734393069981419,0.00776677858630412
1,746,0.4,0.9,6.1,0.0112279904442947,0.0116758397980941
0.7,431,0.8,0.4,5,0.00578913566511287,0.00614748638594896
0.1,584,0.9,0.3,0.3,0.00567683599986946,0.00597831390643723
0.5,588,0.9,0.9,9.6,0.00565763938814217,0.00595448620083856
0.6,290,0.7,0.5,4.7,0.00610791744067698,0.00651048351533094
0.3,74,0.9,0.5,2.7,0.00565668092294638,0.00594538691891277
0.4,683,0.2,0.2,8.6,0.0303573988551622,0.0302157787434618
0.8,814,0.3,0.8,2.5,0.0114715554849329,0.0119107967576593
0.6,200,0.7,0.3,8.4,0.00801478941070966,0.00841440481825842
0.3,246,0.1,1,4.4,0.0223163447661433,0.0228685045188099
0.1,193,1,0.6,5.6,0.00671425350403468,0.00691025750637399
1,989,0.4,0.2,2.5,0.0199244736643308,0.0202706367971992
0.8,682,0.3,0.1,7.8,0.0514818394802831,0.0504658341765999
0.3,193,0.3,0.9,1.7,0.009055061217616,0.00946621079148235
0.5,448,0.9,0.7,6.2,0.00566086005894023,0.00595891824711498
0.2,99,0.2,0.3,8.2,0.0226844529616054,0.0229462397505042
1,753,1,0.4,0.2,0.00641274157150924,0.00660402306494875
0.2,94,0.5,0.2,0.6,0.00908952691700759,0.00957052587742782
0.9,744,0.4,0.1,9.6,0.0522948303816237,0.0512229797434275
0.2,284,0.7,0.3,3.8,0.0069334353730974,0.00736825457980199
0.6,26,1,0.9,0.2,0.00447050248846671,0.00460430492928263
0.3,229,0.4,0.6,6,0.0117184878392743,0.0122027372173205
0.7,28,0.3,0.8,2.5,0.0109560897577569,0.0113892247267684
0.1,26,0.4,0.3,7.7,0.0144433806525204,0.0148412170547275
0.9,208,0.2,0.9,2.5,0.0159747568552186,0.0164554397319799
0.5,301,0.4,0.2,8.5,0.0223351488156699,0.0223805827407616
0.2,861,1,0.3,8.1,0.00708479872460001,0.00729907181368217
0.9,860,0.4,0.4,2.7,0.0137046035622628,0.014170820550922
0.3,942,0.2,0.1,1.5,0.0261372463178282,0.0261995184735087
1,648,1,0.8,5.5,0.00681821854007809,0.00702124815772191
0.9,264,0.4,0.2,3.5,0.0203246229415053,0.0206045879601366
1,74,0.1,0.1,5.6,0.0509054507049561,0.0499697824989131
0.1,399,0.8,1,1.4,0.00537084398202727,0.00570216335270541
0.1,5,0.3,0.4,1.3,0.0144978023616215,0.0150135380818259
1,624,0.6,0.9,3.5,0.00583358861789238,0.0062149320648141
0.7,480,0.3,0.8,9.8,0.0165137466135646,0.0169978010568245
0.3,209,0.6,0.5,0.2,0.005438912744016,0.00579300042442752
0.8,346,0.2,0.3,9.3,0.0267834953659965,0.0269337820477527
0.3,282,0.1,0.2,3.4,0.0266283622539767,0.0268427554867636
0.3,20,0.2,0.1,9.6,0.0546826527761715,0.0535497934396576
1,253,1,0.9,3.2,0.0062719054647257,0.00645526233362218
0.6,583,0.7,0.7,3.5,0.00555291589108998,0.00592969711088813
0.9,779,0.8,0.3,5.9,0.00635650427000694,0.00671901220409339
1,338,0.9,0.1,8.7,0.00793871368196446,0.00815859472494087
0.5,943,0.7,0.3,9.2,0.00790018507081448,0.00830335522873266
0.9,149,1,0.2,0.6,0.00681923690941669,0.00702298549023575
1,587,0.4,0.2,7.9,0.026810218767075,0.0267630099015318
0.6,260,0.8,1,7.1,0.00537520291652942,0.00570864646307372
0.8,370,1,1,9.6,0.00668680184028305,0.00688039986732074
0.9,411,0.4,1,4.5,0.00895443395408853,0.0093699541908328
0.4,841,0.3,0.4,5.4,0.0173155228643409,0.0177744941952608
0.2,177,1,0.5,7.1,0.00675892536597371,0.00695855388970801
0.4,944,0.7,0.3,6.2,0.00729484873449879,0.00771698262617499
0.8,826,0.1,1,4.9,0.0236219312383167,0.024169315615743
0.2,87,0.4,0.1,7,0.0348089083931559,0.0342756739294318
0.3,515,0.6,0.2,3.1,0.00922573021713946,0.00966365718840156
0.9,216,0.5,0.2,2.5,0.01470454083714,0.0150933679354216
0.4,555,0.2,1,8.8,0.0184313396438379,0.0189470107873722
0.3,574,0.2,0.5,2,0.0180281161215997,0.0185487369600161
0.5,99,0.3,0.7,1,0.00867240164783975,0.00906435854553674
0.7,165,0.4,0.4,9.9,0.0172972947825687,0.0176744411789999
0.6,474,0.3,0.9,0.8,0.00742476398509634,0.00777633805843046
0.4,701,0.5,0.1,0.6,0.011696720965005,0.0121338494665441
0.1,552,0.5,0.5,1.6,0.008278368235726,0.00875079837276736
0.2,446,0.4,1,1.8,0.00707410063957016,0.00746292567995761
0.4,396,0.3,0.9,3.4,0.0109155718944967,0.0113613693845003
0.1,670,0.9,1,6.7,0.00571283771863741,0.00601147734026334
0.2,200,0.3,0.4,6,0.0167378443541313,0.0172020382659225
1,471,0.2,0.4,5.1,0.0238856913934662,0.0243166842761239
0.3,459,0.6,0.4,8.9,0.00876993215343407,0.00922322483620496
0.2,431,0.6,0.4,4.4,0.00800363380528619,0.00847267431354643
0.8,426,0.8,0.8,4,0.00535933216442844,0.00569355663088027
0.3,344,0.1,0.8,6.6,0.0233760205911012,0.0239126191035924
0.9,835,0.4,0.5,3.9,0.0136227882179949,0.0140891661705736
1,205,0.7,0.3,6.6,0.00854200064164797,0.00893556707259762
0.1,538,1,0.3,9.8,0.00702548813236889,0.00724011508255862
0.6,739,0.3,0.1,1.4,0.024023769541233,0.0241403113722298
0.7,877,0.3,1,5.7,0.012531090108416,0.0129895451387537
0.7,948,0.7,0.9,3,0.00540486075358558,0.00576817084624133
0.4,668,0.7,0.4,3.3,0.00621846982869879,0.00662964154475825
0.9,421,0.9,0.4,7.7,0.00577379165799624,0.00607993825702138
0.7,845,0.3,0.7,6.7,0.0161837897084865,0.016668279345946
0.2,432,0.3,0.7,1.3,0.0102176398778099,0.0106616171262547
0.2,987,0.9,0.7,7.3,0.00573807343811355,0.00604332547434455
0.5,142,0.5,0.9,6.2,0.00724282707529927,0.00765974491908198
0.7,327,1,0.9,5,0.00664253789934012,0.00683372982055772
0.4,916,0.7,0.3,9.8,0.00777117720336,0.00817847798053328
0.3,918,0.3,0.6,0.1,0.00677231555092995,0.00708859970747363
1,599,0.6,0.1,10,0.0427184362253026,0.0419062316005399
0.5,253,0.3,0.9,6,0.0131365026644571,0.0136086775666031
0.9,313,0.1,0.2,0.1,0.0226481965491326,0.023192561216592
0.1,153,0.2,0.4,2.6,0.0192708572484142,0.0197951775930768
0.3,121,0.3,1,9.6,0.0138794098102688,0.0143751966710859
0.3,539,0.4,0.3,8.1,0.0156027576890281,0.0159648110424864
0.4,527,0.6,0.9,8.3,0.00645363681517184,0.0068738015906263
0.4,610,0.2,0.2,9.1,0.0306475392588712,0.0304827807913646
0.1,532,0.3,0.2,4,0.0183785776800164,0.0186936704479173
1,358,0.2,0.2,4.7,0.0284196649922141,0.0285011402287938
0.7,240,0.6,0.8,0.8,0.00543949027130989,0.00579296131697861
0.2,410,0.6,0.4,0.3,0.00557208642719116,0.00594646191578111
0.3,163,1,0.7,4.4,0.00663438528211326,0.0068213498451273
0.3,15,0.3,0.9,8.1,0.0139178320753701,0.0144030566740394
0.4,924,0.7,0.3,2.9,0.00659611273055923,0.00701631640952645
0.9,809,0.4,0.3,7.5,0.0201855564023846,0.0204775795998253
0.9,849,0.1,0.2,3.4,0.0284528223889141,0.0286331786558661
0.8,927,0.5,0.6,6.4,0.00990619280639981,0.0103561080426488
0.9,337,0.4,0.7,4.8,0.0116381792319748,0.0120925169020574
0.6,54,0.5,0.5,5.4,0.00985498273196689,0.0103084115324341
0.4,422,0.4,0.1,1,0.0166964363133755,0.017020106935929
0.1,471,0.7,0.7,5.6,0.00634386258342215,0.00676968105932465
0.1,87,0.4,0.8,9.2,0.0119729235159172,0.012481790941629
0.9,839,0.3,0.4,8.4,0.0215201387813054,0.021888217698067
0.2,296,0.2,0.4,8.4,0.021006429961376,0.0214011959152016
0.5,165,0.8,1,5.8,0.00535720666992743,0.00568613492752234
1,275,0.5,0.5,6.3,0.0121278141545675,0.0125764157325839
0.6,991,1,1,6.3,0.00683457031543335,0.00703565964608664
1,354,0.9,0.4,7.3,0.00576370150614467,0.00606872235899426
1,353,0.5,0.5,4.2,0.0104818967381357,0.0109307834896129
0.5,228,1,0.2,1.1,0.00704137424369759,0.00725236555958063
0.2,19,0.7,1,7.1,0.0058021666322525,0.00615576114649645
0.7,671,0.6,0.3,3.7,0.00911236208417078,0.0095505079406469
0.7,29,0.9,0.7,6.1,0.00538095044546197,0.00563148879383461
0.1,706,0.2,0.2,7.2,0.0260785501673022,0.0260947189601058
0.9,423,0.4,0.8,0.7,0.00644118140316566,0.0067846707297435
0.1,87,0.7,0.2,5,0.00757886021122363,0.00800018500495753
0.4,199,0.7,0.7,8.1,0.00604535999353356,0.00644847940600619
0.7,18,0.3,1,2.5,0.0100836103642328,0.0104903017568863
0.9,584,0.3,0.8,4.2,0.0143821651705421,0.0148537069028183
1,857,0.7,0.8,9.4,0.00618216802883082,0.00657582596937304
0.9,864,0.5,0.2,6.9,0.0202584171221765,0.0203866128851969
0.3,930,0.9,0.4,1.1,0.00566457237839947,0.00596479498040047
0.9,47,0.4,0.3,7.1,0.019072302578399,0.0193872920173397
0.3,705,0.2,0.6,9.7,0.0203291998772058,0.0208061074175085
0.2,876,0.4,0.9,8.5,0.0108425920847414,0.0113289882628372
0.2,871,0.6,0.5,9.2,0.00829526894010066,0.00876288348432257
1,412,0.3,0.6,5.6,0.0184260903820704,0.0189090979654679
0.2,151,0.6,0.2,4.9,0.00965778388151943,0.0100683594597809
0.2,597,0.6,0.3,3.4,0.00833205647862471,0.00880077267723901
0.3,635,0.1,0.4,1.1,0.0229562643612676,0.0235046709299868
0.7,850,0.2,0.5,5.4,0.0217013054042627,0.0221813205812296
0.2,328,0.7,0.3,6.9,0.0073142097095292,0.00774585264036299
0.7,135,0.4,0.6,0.3,0.00622693829697541,0.00655828975655094
0.4,81,0.1,0.4,0.5,0.0216670457065523,0.0222136144799954
0.2,844,0.4,0.5,2.7,0.0109136438420824,0.0114011500053563
0.7,707,0.5,0.1,0.8,0.014165664584095,0.0145392512976648
0.5,72,0.4,0.3,9.9,0.0179121250912726,0.0181939720168172
0.3,152,0.1,1,5.1,0.0225511567698782,0.0231029529297717
0.2,679,0.2,0.5,8.2,0.0202625450140972,0.0207253520169472
1,739,0.6,0.7,9.8,0.00832522782296643,0.00875821666394589
1,756,0.9,0.5,7,0.00570794853714932,0.0060110041210556
1,403,0.4,1,5.6,0.0097485628906604,0.0101772731999695
0.7,824,0.5,0.8,1.1,0.00583818121491275,0.00619222886523408
0.8,200,0.1,1,8.8,0.0243441948722075,0.0248806314071977
0.5,15,0.4,0.3,1.9,0.0128602056908976,0.0133255163684681
0.2,934,0.1,0.5,4.8,0.0236314889909799,0.0241329864931314
0.6,891,0.6,0.2,8.2,0.0135623238752344,0.0138121935999306
0.7,225,0.1,0.1,3.3,0.0412098127567571,0.0406663599309744
0.5,133,0.9,0.7,1.6,0.00547237671396033,0.00575246611287502
0.1,114,1,0.4,0.3,0.00669803249629659,0.00688972385402539
0.6,736,0.1,0.4,4.1,0.0249617198632815,0.0254233665267178
0.6,337,0.1,0.4,6.9,0.0256776809317994,0.0260568585269601
0.6,609,0.1,1,0.6,0.0154514632133766,0.0159192942857228
0.8,558,0.1,0.9,0.2,0.0119314652920965,0.0123430782573294
0.5,555,0.7,0.5,1.9,0.00558920157957392,0.00596979006774981
0.2,759,1,0.1,1.2,0.0072560475125732,0.00746038888232965
0.8,59,0.6,1,6.7,0.00598065480742003,0.00636772610217109
0.3,118,0.4,1,9.4,0.010178379550457,0.0106437326772135
0.1,920,0.7,1,8,0.00613701989036407,0.00655418519498902
0.2,341,0.4,0.7,2.4,0.00903226108882282,0.00948402975577194
0.2,256,0.5,0.7,3.6,0.00769261283485929,0.00813965538556569
0.6,209,1,1,7.8,0.00655918810556186,0.00674184052435249
1,232,0.9,0.4,7,0.00573580266799659,0.00603989133133596
0.4,234,0.2,0.1,6.9,0.0492652693251634,0.048334012801904
0.8,384,0.5,0.1,7,0.0389168482345083,0.0382610413803663
0.5,915,0.7,0.3,8.3,0.00776318993197999,0.00817116257734636
0.8,984,0.7,0.8,4.2,0.00553349624260846,0.00590678586253809
0.5,3,0.2,0.3,5.5,0.0270751401472873,0.0273347909141112
0.7,390,0.6,0.8,3.2,0.00580416968266853,0.0061881926246829
0.2,845,0.7,0.9,7.7,0.00591691540780355,0.00632080721004465
0.5,689,0.8,0.9,4.4,0.00537945390104681,0.00571482401893523
1,332,0.6,0.9,1.3,0.00547132343082064,0.00582913652628163
0.8,841,0.6,0.1,6.7,0.0313027454697749,0.0308681548070104
0.5,389,0.6,0.7,4.4,0.00626192294667255,0.0066713010747569
0.3,586,0.9,0.3,1,0.00568899062963256,0.00599180875795332
1,10,0.5,0.8,3.8,0.00760761096548202,0.00798266427594202
0.1,370,0.5,0.4,0.8,0.00792624177097604,0.00838900643537438
0.7,574,1,0.9,9.3,0.00679942579155007,0.00699914994897205
0.5,537,0.6,0.3,5.5,0.00924438324159964,0.00968105695368292
0.6,700,0.9,0.5,8.7,0.00575125262116606,0.00605746917246675
0.2,434,0.7,0.2,6.2,0.00781201827789647,0.00821549905386087
0.2,396,1,0.4,9.3,0.00693155171703615,0.0071423134644994
1,604,0.1,0.5,5.4,0.025728452550768,0.0262034026921029
1,870,0.8,0.8,9.3,0.00554001301733712,0.00588503722750863
0.8,122,0.8,0.6,6.8,0.00555284875627884,0.00589881110900604
1,543,0.4,0.1,7.1,0.0474546315688289,0.0465622517473492
0.3,808,0.7,0.8,7.1,0.00588458672188489,0.00628508051825276
0.1,291,0.2,0.5,5.5,0.0195561861635065,0.0200616031354584
0.7,704,0.3,0.5,4.8,0.0174267587071642,0.0179057476715536
0.5,282,0.5,0.6,6.7,0.00928947579989326,0.0097460779120144
0.2,916,0.3,0.4,1.4,0.0138600388363602,0.0143640923708161
0.1,839,1,0.1,4,0.00725572165202847,0.00746079715052484
0.4,22,0.5,0.9,9,0.00785062438182157,0.00828027390642139
0.4,415,0.4,0.9,1,0.00640276006793674,0.00675133067946526
0.2,440,1,0.2,2.7,0.00709797644823747,0.0073117208494461
0.8,42,0.5,0.4,9.7,0.0144299437428839,0.0148172292778033
0.6,859,0.7,0.3,10,0.00825485884768321,0.00864683817381779
0.9,847,0.8,0.5,6.1,0.0057192838790898,0.00607271256001645
0.5,128,0.6,0.3,6.8,0.00959818787471503,0.0100224748267734
0.8,236,0.8,0.9,1.4,0.00517492992533235,0.0054966806196696
0.7,527,0.9,0.8,2.9,0.00557565109952242,0.00586809752991231
0.6,902,0.7,0.3,6.9,0.00769542840798475,0.00810506049026048
1,971,1,0.9,1.8,0.00667203021874337,0.00687133947623794
0.1,589,0.3,0.5,6.6,0.0160652907812298,0.0165662089879666
0.9,787,0.7,0.4,7.1,0.00758989651755649,0.00799932089358888
0.4,525,0.1,0.3,5.3,0.0257061028116111,0.0260237063271578
0.3,903,0.2,0.5,8.7,0.0207852012537796,0.021234140899065
0.1,452,0.2,0.2,5.4,0.023911748597446,0.0240545599369328
0.7,741,0.5,0.3,0.3,0.00623020891889844,0.00660763765507464
0.2,426,1,0.3,6.1,0.00700845195737783,0.00722195420352467
0.6,16,0.7,0.2,3.4,0.00832481586213302,0.00871729082480058
0.6,7,0.9,0.5,6.8,0.00562274118250199,0.00583199722087647
1,578,0.9,0.8,1.3,0.00536727847225154,0.0056532101947694
0.5,275,0.9,0.8,5.7,0.00562217271017275,0.00591400971453369
0.7,38,0.3,0.3,3.7,0.0197610859513559,0.0201739239357434
0.6,577,0.6,0.3,1.5,0.00710111150956626,0.00753124781950733
0.7,375,0.9,0.6,0.1,0.00480903488463195,0.00507534136466565
0.5,277,0.9,0.9,6.2,0.00561001940533472,0.00589912105339953
0.2,507,0.9,0.9,0.5,0.00559663162657775,0.00588369288397949
0.8,410,0.1,1,5,0.0237232745306751,0.0242707064268622
0.7,196,0.1,0.5,0.7,0.0220559467146859,0.0225982777830039
0.8,998,0.3,0.3,2,0.0182969934010085,0.0187684886683651
1,395,0.4,0.9,7.4,0.0121586051637628,0.0126145255068504
0.4,830,0.9,0.3,3.8,0.00579968192431481,0.00610971019696402
0.8,720,0.7,0.8,2.9,0.00543611622759095,0.00580234254593635
0.4,473,0.3,0.9,4.9,0.0122273410705035,0.0126952299801739
0.1,620,0.4,0.7,4.6,0.0113627450445142,0.0118700626881692
0.8,59,0.8,1,9.5,0.00528716597521002,0.00560854136816835
0.1,486,0.2,0.7,8.1,0.0192883480985836,0.0198113177274312
1,760,0.4,0.3,4,0.0184653402052987,0.0188705037737203
0.6,973,0.9,0.1,7.7,0.00647479566395744,0.00675741498633763
0.1,202,0.4,0.4,9.5,0.0137625597213259,0.0142123669301894
0.8,581,0.7,0.5,9.7,0.00714750484393764,0.00755860867310888
0.8,44,0.9,0.9,6.4,0.00520996862660742,0.00545974436268585
0.5,441,0.7,0.6,2.2,0.0055175167920552,0.00589299881178637
0.6,791,1,0.1,3.6,0.00729264277880106,0.00749204127509704
0.7,661,0.3,0.8,3.5,0.0124394035100569,0.0128960661315183
0.6,168,0.4,0.3,5.9,0.0162767877956355,0.0166618200750229
0.9,670,0.2,1,2.6,0.0154649988668514,0.0159395393228917
0.3,68,0.2,0.5,8.5,0.0207704888565975,0.0212213102431864
0.4,896,0.3,0.4,7.3,0.0181059328006279,0.0185311393800393
1,656,0.2,0.3,7.6,0.0267493064836531,0.0269553560716458
0.2,807,0.4,0.8,8.1,0.01130133089049,0.0117938594863064
0.1,703,0.3,0.2,6.7,0.0209034342042957,0.0210550146263992
0.1,114,0.5,0.2,3.1,0.0112687156476352,0.0117148512236879
0.6,759,0.8,0.6,9.5,0.00571522673643179,0.00607196778825757
0.6,722,0.3,0.2,1.3,0.0183013862968694,0.0187520854035144
1,260,0.1,0.2,6.6,0.0331911330301379,0.0330648047164702
0.2,145,0.8,0.6,7.4,0.00581809844225767,0.00618200003334749
0.5,429,0.9,1,8.3,0.00562616515752477,0.0059179112248759
0.8,337,0.9,0.9,9.4,0.00560860110400874,0.00590198506361642
0.3,906,0.1,0.6,9,0.0240908063243705,0.0245633729891711
0.4,204,0.8,0.2,9.2,0.00674558566710422,0.00709788944483886
0.9,210,1,0.8,3.3,0.00638049537008224,0.00656609519466503
0.7,46,1,0.4,1.5,0.00622338717435508,0.00640382036257069
0.5,427,0.2,0.5,9.6,0.0219588583632582,0.0223824063352405
0.8,140,0.4,0.2,8.3,0.025305814683945,0.0252809582454638
0.6,91,0.1,0.1,3.8,0.0431144768425021,0.0424822510661792
0.4,837,0.3,0.6,1,0.00959628715811185,0.0100164557237536
0.8,892,1,0.5,7.8,0.00704295818231665,0.00725361949610209
0.8,684,0.3,0.6,1.5,0.0116121890530674,0.0120543462381805
1,130,0.5,0.2,7.2,0.0227143324232142,0.0227745261621416
0.9,362,1,0.5,4.9,0.00689750392368581,0.00710407444371608
0.7,305,0.6,0.1,1,0.0115057030871214,0.0118783457765056
0.8,183,0.7,0.5,8,0.00684505904681081,0.0072528337184924
0.5,520,0.9,0.1,0.5,0.00580365074293858,0.0061136645632438
0.7,568,0.1,0.5,8.5,0.0255655256130053,0.0259848403215919
0.7,632,0.1,0.6,0.6,0.0204035391158977,0.0209306753523998
0.2,957,0.9,0.4,3.9,0.00579726880550802,0.0061076643060366
0.1,452,0.2,1,1.9,0.0152306007412755,0.0157420625817128
0.7,429,0.6,0.9,9.6,0.00663607975971574,0.0070516814051831
0.8,688,0.8,0.2,1.2,0.00579068710074703,0.00614788172246968
0.4,566,0.4,0.9,8,0.0102423578014752,0.0107033749982749
0.4,184,0.4,0.2,4.1,0.0167577867998058,0.0170762131412935
0.7,988,0.6,0.7,1,0.00550248416914509,0.0058646465214842
0.8,488,0.2,1,9.9,0.02022092391144,0.0207315659641023
0.1,131,0.2,0.2,1,0.0196659489425766,0.0201616655821993
0.3,936,0.7,0.1,2.5,0.00880717018904138,0.00915198251641066
0.9,749,0.9,0.8,7.6,0.00563151682311844,0.00592904910287682
0.2,363,1,1,9.4,0.00665485574853971,0.00684314891277407
1,669,0.2,0.2,6.4,0.0309909584522407,0.0309220012361406
0.5,259,1,1,1,0.00627598580998732,0.00645251610349979
0.7,589,1,0.5,4.5,0.00696693638435894,0.00717554276666891
0.4,610,0.7,0.9,9,0.00579770450634648,0.00619115907386622
0.4,225,0.7,0.7,4.3,0.00566215897654324,0.00604741523568297
0.3,561,0.8,0.3,6.4,0.0061775139672533,0.00655288392851873
0.4,918,0.1,0.1,4.8,0.0463944180828015,0.0456167219718733
1,84,0.8,0.7,4.7,0.00528466766822903,0.00561597432345075
1,251,0.2,0.9,5,0.01987929455247,0.0203912610008043
1,535,0.5,0.4,6.1,0.0139824107318017,0.0144144399976229
0.3,117,0.9,0.9,0.8,0.00542862019570934,0.00569052934617572
0.1,837,0.5,0.5,1.3,0.00794438798066099,0.00840744370509774
1,423,0.6,0.5,7.5,0.00971265690741225,0.0101474241792984
0.7,257,1,0.4,7.3,0.00692967905462697,0.0071385276105224
1,741,0.3,0.7,8,0.0186674034933341,0.0191497693553624
0.7,318,0.4,0.1,1.6,0.0218320667736064,0.0219531693052216
0.2,405,0.8,0.2,0.3,0.00551291202293556,0.0058629199002575
0.3,995,0.8,0.9,3.9,0.00540023269600521,0.00573840204623683
0.9,399,0.2,0.2,3.9,0.026889208550376,0.0270536491418506
0.2,705,1,0.7,1.9,0.00683269982593898,0.00703338408358547
0.5,107,0.3,0.3,5.4,0.0193363283592212,0.019711310982478
0.3,951,0.1,0.2,1.4,0.0244622366979059,0.0248895084554041
0.2,149,0.4,0.4,4.7,0.0129103740564325,0.0133994103003514
0.8,495,0.3,0.9,2.7,0.01083141744453,0.011260044305132
0.2,919,0.9,0.6,6.2,0.00575545402072486,0.0060623200216682
0.8,540,0.4,0.1,3.6,0.0331426043389028,0.0327799171182197
0.5,918,0.6,0.5,8.5,0.00823128441891777,0.00867882005163993
1,927,0.7,0.8,0.5,0.00528903018826259,0.00563889123274033
0.6,81,0.7,0.1,5.3,0.0148296691491927,0.0149125514896355
0.4,557,0.6,0.6,0.4,0.00544921995098788,0.00580497269897492
0.9,432,0.2,0.3,2.5,0.0232701688288526,0.0237205414789727
1,982,0.1,0.7,8,0.025572793561969,0.0260738238800416
1,245,0.2,0.2,0.4,0.021275024150996,0.0217865973745114
0.7,441,0.6,0.5,3.1,0.00673179637811164,0.00714951585276869
0.5,656,0.4,0.4,7,0.0147522695729868,0.0151925346153255
0.3,208,0.6,0.1,9.4,0.0256490186290119,0.0253483567119986
0.4,254,1,0.5,0.8,0.00673296710592637,0.00692998444778111
0.6,42,1,1,2.5,0.00563985664069202,0.00578587585596994
0.3,112,0.8,1,4,0.00534078467245324,0.00566253720929778
0.6,553,0.1,0.4,10,0.0264766538073448,0.0267689449720327
0.6,619,0.7,0.6,5.6,0.00595950669925499,0.00635658973475203
0.3,206,0.3,0.1,9.6,0.0494636195416863,0.0484733884740992
0.1,449,0.6,0.4,1.2,0.0069793841593678,0.00743249103658277
0.3,507,0.9,0.8,1.7,0.00561967150671714,0.00591137828541186
0.6,939,0.7,0.5,1.1,0.0054342264049429,0.00580152102259033
0.5,754,0.5,0.7,3.9,0.00734286718111144,0.00776500246903471
0.1,894,0.7,0.4,0.9,0.00594438128311464,0.00635313082929286
0.3,567,0.3,0.4,1.6,0.0139934918448863,0.0144886510242036
0.6,271,0.2,0.1,0.1,0.0193636443841322,0.0198747996904306
0.2,102,0.8,0.6,5.2,0.00569850194350934,0.0060546501028943
1,138,0.3,0.3,3.3,0.0211624996980707,0.0215800809492921
0.8,322,0.8,0.5,9.8,0.0059082851098874,0.00626810793190595
0.8,406,0.4,0.2,2.7,0.0179710416328634,0.0183286591126927
0.2,41,0.8,0.8,5.7,0.0055494741849352,0.00587742558270887
1,896,0.2,0.6,2.9,0.0208350338970428,0.0213499499297801
0.1,447,0.8,0.2,3.3,0.00631369764043088,0.00669701051682138
0.3,626,0.2,0.8,4.4,0.0176158102411145,0.0181355193065126
0.7,806,0.7,0.9,7.1,0.00562994282257199,0.0060102220410875
0.8,353,0.9,1,3.6,0.00548781953663869,0.00577417406035153
0.7,34,0.6,0.5,1.9,0.00604562223757344,0.00643861875064557
0.1,716,0.8,1,5.8,0.00559317703506547,0.00594715134621629
0.4,808,0.6,0.5,6.3,0.00768137468899978,0.0081305175295407
0.1,741,0.7,0.5,6.3,0.00686437417816561,0.0073075833248786
1,774,0.9,0.9,10,0.00562737677177213,0.00592462428441816
0.8,128,0.7,0.4,4,0.00652475062589268,0.00692857466199618
0.6,539,0.8,0.1,0.9,0.00633019322077413,0.00669728164630962
0.8,539,0.5,0.9,7.3,0.00802099786634106,0.00844605511670302
0.9,413,0.1,0.1,7.3,0.0556176881805351,0.0545020618601179
0.9,860,0.7,0.7,2.7,0.00549104684556967,0.00586078051735197
0.4,937,0.5,1,6.4,0.00702902612842568,0.00744658668797528
0.9,461,0.2,0.3,0.2,0.0146103374321747,0.0150740729249765
0.7,487,0.5,0.3,4.6,0.0128580315928198,0.013283248312012
0.3,66,0.4,0.6,0.4,0.00640834490322419,0.0067585568457776
0.4,931,0.5,0.7,0.3,0.00567059559332849,0.00600653627542313
1,88,1,1,7.4,0.006027319362824,0.00619430252832394
0.9,267,0.1,0.3,3.9,0.0264116157009184,0.0267812622248654
0.6,898,0.3,0.8,3.4,0.0119994660676829,0.012453877855281
0.3,72,0.2,0.5,3.8,0.0195008627390457,0.0200100819617277
0.4,136,0.7,0.1,5.5,0.0130444530504913,0.0131861778136323
0.8,410,0.5,0.9,2.3,0.00614535435540845,0.00651654363833292
0.3,593,0.8,0.6,5.1,0.00559824731949286,0.00595249604851471
0.8,910,0.4,0.4,4.1,0.0147806225912473,0.0152407468877387
0.6,11,0.6,0.5,5,0.00685905537359214,0.00726755349860706
0.2,970,0.6,1,3.8,0.00589089150363041,0.00629052013691516
0.4,235,0.3,0.2,8,0.0255823120595035,0.0255715050883757
0.3,735,0.9,0.7,10,0.00573438721657102,0.00603880575308576
0.8,540,0.2,1,4.3,0.0172802144700572,0.0177766122984297
0.2,81,0.5,1,3.6,0.00661457157597945,0.00701975245513228
0.6,450,0.8,0.3,3.7,0.00591158511178544,0.00627511893261043
0.2,91,0.8,0.7,2.2,0.00541112175783732,0.00574364686212842
0.8,680,0.5,0.3,8.1,0.015387633098507,0.0157273038251468
1,746,0.1,0.9,2.9,0.0236859602639326,0.0242357876652245
1,864,0.5,0.1,2.8,0.0268411585669717,0.026697456820658
1,415,0.4,0.5,3,0.0129948290213618,0.0134578122783818
0.2,927,0.6,0.1,0.8,0.00909217767050948,0.00953857226401552
0.4,981,0.4,0.6,6.6,0.0120477737989693,0.0125247939786231
0.8,622,0.1,0.8,2.6,0.0234000848577496,0.0239480651887748
0.1,248,0.9,0.9,3.1,0.00565347009067692,0.00593882781314599
0.1,482,0.3,0.7,6.3,0.0151913361140676,0.0157163323455332
0.4,857,0.2,0.5,4.3,0.0199923715819953,0.0204943965217126
0.8,828,0.5,0.9,5.3,0.00725871433726334,0.00766842010929781
0.9,51,0.4,0.3,6.1,0.0194472140937107,0.0197824810209143
0.3,189,0.6,0.3,5.6,0.00896120918773546,0.00940805341405896
1,466,0.7,1,8.4,0.00564605841391426,0.00602382651063846
0.7,260,0.3,0.4,6.2,0.0195670781091653,0.0199917384169289
0.4,440,0.9,1,7.9,0.0056371868338243,0.00592880778200218
0.7,964,0.9,0.1,8.4,0.00673061155991661,0.00700033183170216
1,10,0.5,0.9,1.6,0.00620018748365261,0.00653497307480802
0.4,125,0.9,0.8,8.9,0.00564855113772722,0.00593257261723108
1,584,0.3,0.6,2.3,0.0146035468432657,0.0150758073525175
0.9,770,0.8,0.1,0.1,0.00543948382526278,0.00578038013834561
0.2,493,0.6,0.2,1.9,0.00855733205428177,0.00902180115463689
1,464,0.5,0.6,5.9,0.010679582917684,0.0111291609392512
0.3,961,0.3,0.4,2.2,0.0148961715296729,0.0153948558697646
0.4,803,0.5,0.5,7.4,0.0101907113476465,0.0106571881338759
0.7,669,0.9,0.5,1.6,0.00561500999836959,0.00591150505965797
0.5,604,0.6,0.3,9.1,0.0103162690603768,0.0107140095213685
0.5,741,0.8,0.2,8.9,0.00685016127692682,0.00719876586094977
0.7,664,0.9,0.7,1.4,0.00556450189082079,0.00585713445322854
0.9,302,0.1,0.4,8.6,0.0269129653193861,0.0272327138813899
0.6,577,0.1,0.2,8.6,0.0349877946255895,0.034733421355245
0.1,190,1,0.9,4.8,0.00658318007955892,0.00676506744386633
0.6,322,0.5,0.6,6.9,0.00950555978163159,0.00995869250741998
1,357,1,0.2,6.7,0.00716629906256002,0.00737606379494036
0.1,929,1,0.2,2.4,0.00715671734735863,0.00736925561566055
0.9,870,0.4,0.2,6.1,0.0235936867886688,0.0236870190405063
0.5,675,0.1,0.7,9.7,0.0244037891357674,0.0248951980020986
0.3,259,0.7,0.6,3.7,0.00582185793013037,0.00621832252679399
0.5,19,1,0.3,8.9,0.00661649602574293,0.00680648094371817
0.1,444,0.8,0.6,6.6,0.00595416655166476,0.0063286268742829
0.1,813,0.2,0.9,6.2,0.0184607828359312,0.0190048814512706
0.8,729,0.2,0.4,3.1,0.0220990951809447,0.0225846091903469
0.7,663,0.9,0.6,3.8,0.00564181638837586,0.00594008616368107
0.5,184,0.1,0.3,6.9,0.0268600181346731,0.0270964634853829
0.8,564,0.8,0.5,2.3,0.00542157066241446,0.00576132799482052
0.1,311,0.8,0.1,6.2,0.00735280695126306,0.00766221036974994
0.9,708,0.3,0.3,5.9,0.0224213041606977,0.0227400987269689
0.2,184,0.6,0.6,6.5,0.00742917512935632,0.00788576813893326
0.1,51,0.3,0.9,6.3,0.0141700511395379,0.0146890806361777
1,639,0.4,1,6.1,0.0101960313509454,0.0106310268819697
0.5,928,0.6,0.3,2.7,0.00801748428033196,0.00846438229661095
0.1,796,0.5,0.7,9.5,0.00992170216731685,0.0104236656335808
0.4,294,0.3,0.9,4.3,0.0117610155096019,0.0122203757514448
0.1,864,0.1,0.9,3,0.022343447704758,0.0229089402643892
0.4,847,0.2,0.1,5.7,0.0454496716718254,0.0446596684551454
0.1,69,0.9,0.2,9.7,0.00600483970198976,0.00631858485181271
0.7,199,0.9,0.4,6.9,0.00575437958646431,0.00605962319404588
0.1,430,1,0.5,5.9,0.00686799453849321,0.00707531940073136
0.8,316,0.8,0.2,2.6,0.00625392152040206,0.00661755282810989
0.7,952,0.2,0.3,8.1,0.025429291719283,0.0256414453828176
0.4,778,0.1,0.2,9.1,0.0348898959600558,0.0346210141310793
0.2,305,1,0.1,9.2,0.00719140973069938,0.00740214909592794
0.8,56,0.3,0.9,3.7,0.0116823530459713,0.0121232061124562
0.1,792,0.9,0.9,6.5,0.00573053928537531,0.00603273069215426
0.3,633,0.4,0.9,2.2,0.00732235084261239,0.00771735839676954
0.1,283,0.6,0.3,8.1,0.00911180522137815,0.00956059385499371
0.8,785,0.1,0.9,0.8,0.0185369568525215,0.0190412650183352
1,66,0.8,0.6,1,0.00491629859006586,0.00523073559293863
0.9,178,0.4,0.4,0.1,0.00619487382393364,0.00652123474760999
0.1,239,0.5,0.4,8.7,0.010903789994682,0.0113768205583356
0.1,60,1,0.8,5.8,0.00650501858940118,0.00667868759150158
0.5,576,0.9,0.1,9.2,0.00646959633047909,0.00675134284574769
0.5,184,0.1,0.3,2.5,0.0248741908538047,0.0253270800472892
0.1,320,0.1,0.8,2.9,0.0225555700732522,0.023120562971836
0.4,848,0.1,0.5,5.8,0.0243375839733883,0.0248151087278106
0.4,829,0.9,0.7,0.6,0.00559499381791504,0.00588770180936775
0.6,799,0.3,0.4,2.9,0.0165290238188796,0.0170123532861905
0.5,274,0.2,0.7,5.2,0.0192488121118448,0.0197608628168805
0.9,910,0.6,0.5,1.6,0.00608305259558154,0.00647661009287068
1,488,1,0.4,1.3,0.00688575516742236,0.00709054810381818
0.1,67,0.6,0.9,0.5,0.00544841547910888,0.00580138297299152
0.4,382,0.2,0.3,6.2,0.0228740893646112,0.0231905146168385
1,406,0.7,0.9,2.1,0.00533947570532056,0.00569685273655411
0.8,890,0.3,0.1,9.3,0.0546134196745564,0.0534844714646522
0.4,760,0.7,0.4,6.2,0.00676195152365038,0.00718474207947057
1,39,0.7,0.3,2,0.00649524102554009,0.00688806200295621
0.7,259,0.9,0.9,9.2,0.00560221030736879,0.00589313854023385
0.3,603,0.5,0.7,6.6,0.00853381158221622,0.00899415129778674
1,119,0.8,1,1.9,0.00495017320730191,0.00526279473954237
0.7,333,0.2,0.7,5.1,0.0197527571088175,0.0202628287598908
0.8,460,0.7,0.3,0.5,0.00547722516678525,0.00584736461702633
0.5,973,1,0.6,7.6,0.00697562903442319,0.00718501988473711
0.2,27,0.4,0.2,5.5,0.0159308947055478,0.0162244847181798
0.1,915,0.9,0.2,5.3,0.00598015051664457,0.0062986560432905
0.6,934,1,0.1,1.2,0.00729822994620996,0.00749573715658298
0.2,651,0.3,0.6,2.5,0.0132076731702304,0.0137045430546065
0.9,912,0.7,0.9,1.7,0.00534579353923846,0.00570197544413478
0.5,927,0.7,0.1,2.8,0.0100509135016779,0.0103441244381171
0.6,985,0.4,0.7,9.2,0.0126311866560836,0.0131005554156995
0.1,355,0.5,0.1,1.1,0.0118115224381555,0.0122154000164728
0.1,909,0.6,0.6,6.2,0.00789649210567045,0.00837524126254408
0.4,502,0.9,0.9,7.9,0.00565278511858156,0.00594797882935793
0.8,451,0.8,0.5,0.5,0.00526554124131153,0.00559263880981499
0.5,473,0.9,1,6.4,0.00561741905777432,0.00590876161372421
0.2,18,0.3,0.5,5.8,0.0158486348899487,0.016344512718118
0.3,327,0.4,0.5,1.6,0.00918415393664182,0.00963225264045235
0.7,286,0.7,0.5,1.6,0.00550967166119751,0.00588321034813121
0.2,410,0.7,0.5,6.5,0.00662558579911344,0.00705636505924532
0.5,324,0.3,0.9,4.8,0.0122330977203836,0.0126948388643881
0.4,487,0.3,0.7,0.6,0.00771811098576642,0.00808443974301301
0.7,171,0.1,0.3,9.6,0.0290777200121319,0.0291800772156224
0.9,632,1,0.7,8.4,0.00690702776814807,0.00711332271532593
0.3,306,0.1,0.3,7,0.026254520531991,0.0264984269678289
0.8,927,0.5,0.4,2.9,0.0101147456121882,0.0105653102585747
0.3,911,0.1,0.2,5.7,0.0296951635523134,0.0296972503116026
0.8,346,0.6,0.8,5.9,0.00636103920519581,0.00676681691151375
1,703,0.6,0.3,5.2,0.0114024701796662,0.0118110285938154
0.7,854,0.1,0.5,8.6,0.0256063560213007,0.026023534902963
0.9,131,0.5,0.4,3.6,0.010881310179426,0.0113299658398824
0.9,344,0.2,0.1,1.9,0.0319438090904318,0.0317988160663672
0.9,960,0.2,0.1,5.5,0.0483428988671598,0.0474801218503286
0.8,205,0.7,0.3,7.5,0.00850264038636392,0.00889519066396904
0.6,220,0.1,0.6,9,0.024862171517644,0.0253274177299709
0.2,912,0.7,0.9,8.2,0.00597130259199413,0.00637814522002022
0.9,700,0.2,0.2,4.9,0.0283595534725811,0.0284298649323386
0.7,571,0.2,0.6,0.6,0.0125570483756522,0.012995070317576
0.9,865,0.8,0.3,2.8,0.00583710764872132,0.00619426368999269
0.4,18,0.5,0.1,5.1,0.0249512164947491,0.0247480365251583
0.5,850,0.1,0.9,3.9,0.0227994965116518,0.0233472384025027
0.4,229,0.5,0.4,3.7,0.00965374194762032,0.010119255365683
0.1,832,0.6,0.9,5.6,0.00696819888212935,0.00742128776074672
0.9,901,0.7,0.7,7,0.00602909659652045,0.00642145671683551
0.4,73,0.9,0.8,2.3,0.00546739623389182,0.00572910765478483
0.1,470,0.4,0.9,9.3,0.0118033433842991,0.0123167983833605
0.6,70,0.9,0.8,9.1,0.00554989820861947,0.00582359517096232
0.5,905,0.9,0.9,6.9,0.00564782797139079,0.00594476771302466
0.6,276,0.4,0.3,3.2,0.0149194550707055,0.0153675540311072
1,910,0.4,0.2,1.6,0.0177864447672898,0.0182068040990726
0.9,636,0.8,0.9,8.8,0.00545360540813672,0.00579432139760638
0.6,626,0.7,0.3,7.7,0.00788090948794666,0.00828587712118814
0.5,874,0.5,0.8,9.7,0.00874253192484351,0.00919305701774269
0.1,627,0.1,0.5,6.9,0.023603873731699,0.0240723216576002
0.8,177,1,1,7.3,0.00645375564561931,0.00663445408198822
1,225,0.5,0.6,7.8,0.0111447947221461,0.0115947582320971
0.4,493,0.2,0.7,3.9,0.018094824022189,0.018610191462258
0.8,664,1,0.2,4.3,0.00720227094590779,0.0074097973069991
0.6,970,0.2,0.1,6,0.048139412054296,0.0472648176630272
0.5,513,0.5,0.2,7.9,0.0170052683335533,0.0171891843145144
0.3,552,0.1,0.2,9.3,0.0346953368869065,0.034425148681027
0.1,230,0.7,0.2,0.2,0.00592160924332306,0.00632909831610917
0.2,357,0.7,0.5,4.7,0.00638425565688071,0.00680774674659905
0.6,240,0.5,1,2.7,0.00604750568067182,0.00641554024711867
0.2,538,0.9,0.2,2.2,0.00588325446178274,0.00619826993801399
0.7,520,0.2,0.7,1.2,0.0141785581742143,0.014641768419707
0.1,143,1,0.4,7.6,0.00679571978963511,0.00699905839790792
0.7,488,0.2,0.7,2.6,0.0177829094961981,0.0182854823348612
0.5,399,0.3,0.9,9.4,0.0147158332204516,0.0152024190555155
0.3,551,0.9,0.2,3.6,0.00590487826177555,0.00621971790173237
0.7,975,0.4,0.8,0.8,0.00640490741781533,0.00674950553560244
1,820,0.1,1,2.3,0.0226414806920368,0.0231857861481183
0.3,233,0.2,0.3,8.9,0.0237161739011451,0.0239381479494129
0.7,934,0.3,0.3,7.5,0.0221006012997092,0.0223757651904953
0.7,345,0.2,0.8,3.4,0.0177508815316746,0.0182531451991623
0.1,251,0.7,0.7,9.5,0.00670907447681693,0.00714675172454208
0.1,860,0.9,0.5,7.2,0.00587571052262255,0.00619006313767375
0.8,454,0.6,0.6,6.2,0.00745263183845075,0.00788058625811608
0.2,199,0.7,0.3,8.4,0.00743343381930556,0.00785954716786555
0.2,928,0.4,0.7,4.5,0.0105455364521831,0.0110280247421139
0.4,612,0.8,0.8,4.6,0.00542349303068051,0.005763748531667
0.3,420,0.6,1,10,0.00650551451604838,0.00692988775787966
0.3,368,0.7,0.4,2.2,0.00601786884059253,0.00642474100044091
1,828,0.5,0.6,5.3,0.010131648816459,0.01057889813694
0.1,719,0.6,1,9.5,0.00732671791871659,0.00779142972276182
1,766,0.2,0.5,8,0.0238331517358985,0.0242640703013608
0.4,106,0.3,0.8,2.2,0.0102837867582267,0.0107167718002413
0.2,1000,0.9,0.7,9.2,0.00576453103241654,0.00607157892151115
0.4,202,0.6,0.8,6.5,0.00646304180568063,0.00688322540686986
0.4,617,0.7,0.8,8.8,0.00593079055100566,0.00633095487822563
1,540,0.3,0.9,4.6,0.0142978531795404,0.0147666616112843
1,636,0.7,0.3,6.4,0.00873797298815896,0.00913176815599157
0.4,435,0.6,0.4,2,0.0066705755144075,0.00709720874616768
0.2,80,1,0.2,3.5,0.00690781794084581,0.00711782447749571
0.9,563,0.4,0.4,2.2,0.013097209473747,0.0135613508689686
0.7,720,0.9,0.8,0.7,0.00544777547940607,0.00573562576826467
0.1,161,0.7,0.6,6.9,0.00670646034060765,0.00714387737751706
0.1,93,0.9,0.3,3.6,0.00589990629903551,0.00621210872340194
1,865,0.7,0.1,5.8,0.0226968873673603,0.02252802779416
0.4,482,0.3,0.7,6.6,0.0149352247418346,0.0154277252967491
0.9,496,0.3,0.8,5.6,0.0155094197204957,0.0159896980582192
0.7,102,0.4,0.5,6.7,0.0144202722389627,0.0148775839175813
0.4,148,0.7,1,9.7,0.00571544020914474,0.00610059127503659
0.7,421,0.1,0.6,6,0.024848051742297,0.0253502645814469
0.7,764,1,0.7,5.4,0.0069076664382784,0.00711341395042838
0.4,920,0.3,0.6,1,0.00959120763495927,0.0100111627714719
0.2,65,0.9,0.3,9.5,0.00594282585851255,0.00625368094215395
0.9,807,0.7,0.5,0.3,0.00531299320859196,0.00566524066470889
0.7,507,0.9,0.2,9.6,0.00603876397875141,0.00634776227550516
0.8,317,0.9,0.4,0.4,0.00540346420989428,0.00569167909948636
0.9,110,0.4,0.9,1.2,0.00659093886252001,0.00694189037417956
0.2,406,0.4,0.6,3.1,0.0103690849298324,0.0108483609375371
0.2,951,0.9,0.4,3.5,0.00578037550131895,0.0060897344170859
0.9,278,0.1,0.7,8.4,0.0253527453873602,0.025850473108706
0.3,95,0.6,1,8.9,0.00640107432589095,0.00681817776803027
1,257,0.2,0.1,2.7,0.0373336440690057,0.036947032382113
0.6,282,0.9,0.5,7.7,0.00572849912942898,0.00603223960027978
0.6,577,0.4,0.7,2.5,0.00846480634646709,0.00888216703729694
0.9,185,0.7,0.6,0.5,0.00524914450223676,0.00559998872356621
0.7,240,0.6,1,4.5,0.00573363765544728,0.00611289859380564
0.7,667,0.7,0.4,8.2,0.00728291019975709,0.00769692348641896
0.4,761,0.2,0.3,8.3,0.0238263654193374,0.0240625461983841
0.5,628,0.7,0.2,2.2,0.00715025142634838,0.0075703654884757
1,816,0.9,0.2,0.5,0.00563145458918209,0.00593040490926472
0.7,960,1,0.8,0.2,0.00617804573480007,0.00636572076533983
0.7,231,0.4,0.5,7.6,0.014661337587592,0.0151162336494959
0.9,640,1,0.1,5.1,0.00730410951697928,0.00750166594074891
0.8,646,0.3,0.2,5.5,0.0255491873685385,0.025637202587646
0.1,225,0.1,0.5,1.8,0.0228737730060292,0.0234302883215986
0.5,194,0.8,0.1,1.6,0.00663507021702922,0.00699407778159882
0.1,707,1,0.8,6.3,0.0067984878274356,0.00699980481387263
0.3,415,0.2,0.5,4.3,0.0196069291906272,0.0201144179253995
1,931,0.2,0.5,7.2,0.0237310379861688,0.0241754465331788
0.2,628,0.2,0.4,4.4,0.0200235668495831,0.0205044833505395
0.9,589,0.2,0.4,3.2,0.022555148606576,0.0230373776818627
0.2,827,0.6,1,8.2,0.00658098129903972,0.00701415125185958
0.7,133,0.4,0.2,8.6,0.0245982199299083,0.0245828678946697
0.2,698,0.3,0.4,0.2,0.00836107513720693,0.008756262398806
1,3,0.9,0.4,0.3,0.00495777886614433,0.00516006760292256
0.8,931,0.2,0.2,6,0.0294295547962389,0.0294158114654791
1,775,0.9,0.9,8.1,0.00561100976329564,0.00590712243074505
0.7,878,1,0.6,7.9,0.00698569438588763,0.00719503706573323
0.8,676,0.3,0.7,2.2,0.0119393342384384,0.0123861032808412
0.2,923,0.8,0.9,0.7,0.00534041781072612,0.00566828383288605
0.3,307,0.1,0.9,0.2,0.0118728338974093,0.012290395223138
0.8,368,0.1,0.8,9.8,0.0249829899729794,0.0254905944140772
0.3,164,0.1,0.3,1.4,0.0237161249825838,0.0242307754154792
0.3,672,0.9,0.9,8.1,0.00567578789627477,0.00597359022112965
0.5,501,0.9,0.4,1.7,0.00565476196420509,0.00595438979101744
0.4,902,0.6,0.5,0.7,0.005585374140813,0.00595887798500479
0.4,684,0.7,0.9,7.6,0.00569523731069834,0.00608269973789183
1,912,0.6,0.2,9.7,0.0197051674404049,0.0197658623283668
0.8,286,0.7,1,0.1,0.00506017278748068,0.0054014652574309
0.1,160,0.7,0.8,6.2,0.00629953851740237,0.00672108499462572
0.9,291,0.1,0.2,5.6,0.0314288085600096,0.0313962799857516
0.7,361,1,0.7,9.8,0.00680962105859105,0.0070110372703201
0.1,293,0.5,0.5,4,0.00966813421179247,0.0101679827056346
0.9,604,0.5,0.5,5.5,0.0109846981692627,0.0114368315576889
0.2,188,0.6,0.1,4.9,0.0157532836277624,0.0158360859302294
0.7,208,1,0.2,0.9,0.00701799924076735,0.00722656184890952
1,231,0.4,0.3,9.3,0.0217716472034093,0.0219925429017144
0.8,710,0.9,0.9,0.6,0.00530163533118767,0.00558437201265889
0.4,888,0.9,0.1,0.4,0.00579522460841436,0.00610537858509611
0.2,900,0.2,0.9,5.5,0.0177469513119864,0.0182752054589568
0.5,947,0.3,0.8,5.5,0.0136252202570146,0.0141047012505069
0.3,918,0.5,1,4.3,0.00659821422149519,0.00700266320747608
0.9,184,0.8,0.9,1.4,0.00509502379187847,0.00541414295603841
0.9,792,0.9,0.7,0.3,0.00517919072306918,0.0054592871070261
0.1,917,1,0.4,7.6,0.00701697929493436,0.00723100146962384
0.3,776,0.8,0.8,1.8,0.00536106886199684,0.00569403323341059
0.6,254,0.3,0.5,8.9,0.0183848510093491,0.0188276605280457
0.2,463,0.6,0.9,7.1,0.00662257724995527,0.0070566246147558
0.9,459,0.2,0.3,8.2,0.026443252349971,0.0266341488476108
1,710,0.7,0.5,4.9,0.00650048630292049,0.0069008913611789
0.4,735,0.4,0.2,1.8,0.0143026114915704,0.0147486721705976
0.7,501,0.9,0.9,5.3,0.00559978546029674,0.00589283263077541
0.2,511,0.5,0.3,5.1,0.0110479565526209,0.0115078293086008
0.8,7,0.4,0.2,9.3,0.025678653982332,0.0255737405292429
0.4,673,0.3,0.6,3.1,0.0135105675753428,0.0139947916109958
0.9,701,0.1,0.7,4.5,0.0248213965070214,0.025356084271829
0.9,397,0.1,0.7,9.3,0.0254515358124868,0.0259402939722723
0.1,166,0.5,0.5,0.2,0.00590789434454441,0.0062762361237584
0.2,207,0.5,0.9,0.4,0.00567945994609827,0.00601823393175782
0.5,769,0.2,1,2.7,0.0141160603360709,0.0145853799005434
0.9,852,0.3,0.8,5.7,0.0155782004646737,0.0160592467252576
1,361,0.7,0.9,5.9,0.00559991410210974,0.00597415698629193
0.6,123,0.2,0.7,4.8,0.0192858309543336,0.0197969694323054
0.1,688,0.2,0.7,9,0.0193800409025055,0.0198980611639157
0.2,956,0.1,0.9,2.9,0.0220317203821912,0.0225888662022064
0.7,310,0.1,0.8,3.4,0.0234806964170814,0.0240270460481459
0.5,524,0.9,0.6,3.7,0.00565389276977184,0.00595233408645726
0.1,987,0.5,0.3,1.7,0.00986476304675601,0.010365794551691
0.2,889,0.3,0.9,4.5,0.0125860249507398,0.0130750513015095
0.2,234,0.5,0.2,2.9,0.0114152633634354,0.0118553554645314
0.3,663,0.6,0.1,1,0.0095780696262854,0.00999870343908234
0.6,878,0.5,0.1,1.3,0.0153797185375447,0.0156694888027679
0.9,626,1,0.7,2.8,0.00680256888571853,0.00700518174565315
0.1,534,0.5,0.9,0.7,0.00592771748993829,0.00629787042053925
0.3,668,0.2,0.8,3.1,0.0165235550506093,0.0170337615622934
0.4,140,0.8,1,9.7,0.0054509674378496,0.00578624167506798
0.6,588,0.6,0.1,1.4,0.011935801050151,0.0122700427769687
0.8,95,0.4,0.7,4.8,0.0113206208079142,0.0117714393968872
0.8,454,0.6,1,2.6,0.00555305660420075,0.00591892243837418
0.4,596,0.3,0.9,8.6,0.0142266014883827,0.014714869482237
0.2,550,0.8,0.2,5.5,0.00639917540379261,0.00677381759695981
0.5,25,0.5,0.3,4.1,0.0114128647515225,0.0118554193138542
0.5,928,0.4,1,4.1,0.00788609344156999,0.00829247360822171
0.2,213,0.5,0.2,8.5,0.0144244831737939,0.0146731451445616
0.8,640,1,0.7,5.6,0.0068838068673953,0.00708877751410368
0.5,986,0.3,0.1,5.5,0.0411283499232164,0.0404610388852523
0.9,298,0.5,0.2,2.9,0.0158356454245284,0.0161947954608104
0.9,447,0.2,0.2,2.9,0.0256486347393986,0.0259104451389413
1,401,0.1,0.2,0.1,0.0229138236351804,0.0234597328907778
0.6,201,0.6,0.8,0.9,0.00544698502539972,0.00580206694090991
0.3,625,0.7,0.5,4.7,0.00622618892283595,0.00664075455765867
0.8,73,0.6,0.1,7,0.0313905263385626,0.0309469819480735
0.7,12,0.9,0.9,4.5,0.00492873618248554,0.00512070214391691
1,786,0.4,0.7,9.2,0.0149354446117325,0.0154014670161967
0.8,883,0.6,0.6,6.7,0.00764187253819751,0.00807275987016804
0.4,873,0.7,0.5,2.8,0.00579941356282652,0.00619363591267979
0.9,200,0.7,0.3,3.1,0.00705670461383735,0.00746634650302769
0.3,792,0.1,0.7,7.3,0.0236799817584306,0.0241975576941663
0.4,566,0.9,0.8,6.5,0.00566017081413592,0.00595743596957535
0.1,263,0.7,0.1,0.3,0.00693729927643971,0.00738147629465989
0.7,592,0.7,0.8,1.7,0.00536331737432364,0.00572202119897352
0.7,320,0.9,0.7,6.5,0.00563074729475626,0.00592702393740788
0.5,870,1,0.3,5.5,0.00712079256756838,0.00733265975892184
0.1,475,0.7,0.9,4.4,0.00591788016812966,0.00632354357595297
0.3,961,0.3,0.2,2.5,0.0181830225877352,0.0185719700402433
0.1,120,0.1,0.6,6.8,0.02332663757331,0.0238340988133626
0.9,464,0.2,0.2,6.9,0.0312109169552968,0.0311132967433804
0.6,843,0.5,0.9,1.8,0.0059338537703446,0.0062962753633385
0.6,732,0.5,0.9,9.8,0.0083161497769652,0.00875489878337435
0.1,228,0.2,0.8,5.2,0.018453797962459,0.0189949152897297
1,63,0.4,0.1,3.1,0.0325954209765414,0.0322806491589418
0.7,285,0.2,0.8,3,0.0170883221290813,0.0175852032321024
0.7,464,0.1,0.6,9.2,0.0252422598796903,0.0257020505061766
0.4,890,1,0.1,2.2,0.00728295875617666,0.00748369846966605
0.5,22,1,0.9,7.2,0.00609994176325404,0.006245547595806
0.6,245,0.5,0.8,7.9,0.00833156542492053,0.00877150254492735
0.5,107,0.8,0.2,9.2,0.00696368020540749,0.0073062728719698
0.3,229,0.7,0.4,2.7,0.00610900285936936,0.00651783873802094
1,955,0.2,0.3,2.7,0.0238154869474996,0.0242545692882911
0.6,350,1,0.3,8,0.00704004726197434,0.00725280840077152
0.9,203,0.8,0.2,9.4,0.00788252492834291,0.00819447056016572
0.5,367,0.2,0.9,7,0.0185967590001529,0.019109351988185
0.6,1000,0.7,0.8,5.1,0.00559353397582777,0.00597281900752792
0.3,448,0.7,0.5,6.6,0.00649150397399262,0.00691399402865588
0.4,619,0.9,0.7,3.7,0.00565029690362427,0.00594747803099233
0.6,920,0.2,0.9,2,0.0139041469239687,0.0143666181157895
0.9,198,0.6,1,9.7,0.00650623212723571,0.00691178313514835
0.8,995,0.8,0.3,3.5,0.0059295162950193,0.00629020974507248
0.3,112,0.7,0.1,6.7,0.0138105118844743,0.0139134879337255
0.2,832,0.2,0.8,4.6,0.0178941506382983,0.0184236574564362
0.3,871,0.9,0.4,4.8,0.00578193753826045,0.00609109406696022
0.9,145,0.9,0.1,8.4,0.00717892673695482,0.00742799672660142
0.4,657,0.5,0.6,1.6,0.00653227452820554,0.0069312073392774
0.5,406,0.9,0.7,1.2,0.00556379392175018,0.00585430460441886
0.8,617,1,0.3,0.5,0.00699030274250356,0.00719563263179303
0.4,800,0.6,0.8,0.7,0.00544813063286209,0.0058033327157902
1,643,0.1,0.7,7.6,0.0254537496012921,0.0259590058202637
1,294,0.7,0.3,2.8,0.00705901861607141,0.00746642594121993
0.4,134,0.3,0.1,0.7,0.0190003079100697,0.0193579780601903
0.7,687,0.8,0.1,1.2,0.00661263904909753,0.006973055107146
0.3,685,0.7,0.6,9.3,0.00647522320673044,0.00689736614063234
0.6,249,0.7,0.7,3.4,0.00553601759276169,0.00591091959476491
0.5,705,1,0.9,4,0.00679311827962046,0.00699157392994194
0.3,303,0.4,0.3,5,0.0143095867251578,0.0147446523118691
0.4,882,0.3,0.3,4.8,0.0184286953003289,0.018832711304432
1,371,0.2,0.3,6.4,0.025938404194743,0.0262005944571038
1,217,1,0.7,2.5,0.00635103095028803,0.00653890602770285
0.3,491,0.2,0.3,1.5,0.0195839271986448,0.020092383570207
0.3,172,0.2,0.9,0.4,0.00873423370924092,0.00910296331197326
0.1,140,0.7,0.5,5.4,0.0067672557811515,0.00720654894075332
0.7,739,0.3,0.3,4.8,0.0205090680306137,0.0208859485571277
0.4,233,0.4,1,3.1,0.00739489732368063,0.00778865569437505
0.6,187,0.3,0.9,1.2,0.00804259074332693,0.00841585117369375
0.6,336,0.9,0.1,6.2,0.00630847120082251,0.0066006653962727
0.2,110,0.1,0.4,0.1,0.0168734635298185,0.0173729128564484
1,254,0.7,0.5,4.8,0.00642404678231769,0.00682266408178577
0.9,84,0.9,0.5,9.4,0.00566662809592013,0.00596398063663071
0.9,785,0.2,0.7,2.5,0.0186485514186062,0.0191545184200348
1,321,0.2,0.8,1.8,0.0164591561169001,0.0169427555235218
